#-----------------------------------------------------------
# Vivado v2025.2 (64-bit)
# SW Build 6299465 on Fri Nov 14 12:34:56 MST 2025
# IP Build 6300035 on Fri Nov 14 10:48:45 MST 2025
# SharedData Build 6298862 on Thu Nov 13 04:50:51 MST 2025
# Start of session at: Wed Sep 30 16:27:22 2026
# Process ID         : 1083323
# Current directory  : /home/shpark/FPGA2026
# Command line       : vivado
# Log file           : /home/shpark/FPGA2026/vivado.log
# Journal file       : /home/shpark/FPGA2026/vivado.jou
# Running On         : ocean
# Platform           : almalinux
# Operating System   : AlmaLinux 10.1 (Heliotrope Lion)
# Processor Detail   : Intel(R) Xeon(R) CPU E5-2620 v3 @ 2.40GHz
# CPU Frequency      : 1198.595 MHz
# CPU Physical cores : 12
# CPU Logical cores  : 24
# Host memory        : 50236 MB
# Swap memory        : 17179 MB
# Total Virtual      : 67415 MB
# Available Virtual  : 50396 MB
#-----------------------------------------------------------
start_gui
WARNING: [Board 49-26] cannot add Board Part xilinx.com:emb-plus-vpr-4616:part0:1.0 available at /opt/Xilinx/2025.2/data/xhub/boards/XilinxBoardStore/boards/Xilinx/emb-plus-vpr-4616/1.0/board.xml as part xcve2302-sfva784-2mp-e-s specified in board_part file is either invalid or not available
WARNING: [Board 49-26] cannot add Board Part xilinx.com:emb-plus-vpr-4616:part0:1.1 available at /opt/Xilinx/2025.2/data/xhub/boards/XilinxBoardStore/boards/Xilinx/emb-plus-vpr-4616/1.1/board.xml as part xcve2302-sfva784-2mp-e-s specified in board_part file is either invalid or not available
WARNING: [Board 49-26] cannot add Board Part xilinx.com:kcu105:part0:1.6 available at /opt/Xilinx/2025.2/data/xhub/boards/XilinxBoardStore/boards/Xilinx/kcu105/1.6/board.xml as part xcku040-ffva1156-2-e specified in board_part file is either invalid or not available
WARNING: [Board 49-26] cannot add Board Part xilinx.com:kcu105:part0:1.7 available at /opt/Xilinx/2025.2/data/xhub/boards/XilinxBoardStore/boards/Xilinx/kcu105/1.7/board.xml as part xcku040-ffva1156-2-e specified in board_part file is either invalid or not available
WARNING: [Board 49-26] cannot add Board Part xilinx.com:kcu116:part0:1.4 available at /opt/Xilinx/2025.2/data/xhub/boards/XilinxBoardStore/boards/Xilinx/kcu116/1.4/board.xml as part xcku5p-ffvb676-2-e specified in board_part file is either invalid or not available
WARNING: [Board 49-26] cannot add Board Part xilinx.com:kcu116:part0:1.5 available at /opt/Xilinx/2025.2/data/xhub/boards/XilinxBoardStore/boards/Xilinx/kcu116/1.5/board.xml as part xcku5p-ffvb676-2-e specified in board_part file is either invalid or not available
WARNING: [Board 49-26] cannot add Board Part xilinx.com:kcu1500:part0:1.2 available at /opt/Xilinx/2025.2/data/xhub/boards/XilinxBoardStore/boards/Xilinx/kcu1500/1.2/board.xml as part xcku115-flvb2104-2-e specified in board_part file is either invalid or not available
WARNING: [Board 49-26] cannot add Board Part xilinx.com:scu35:part0:1.0 available at /opt/Xilinx/2025.2/data/xhub/boards/XilinxBoardStore/boards/Xilinx/scu35/1.0/board.xml as part xcsu35p-sbvb625-2-e specified in board_part file is either invalid or not available
WARNING: [Board 49-26] cannot add Board Part xilinx.com:v80:part0:1.0 available at /opt/Xilinx/2025.2/data/xhub/boards/XilinxBoardStore/boards/Xilinx/v80/1.0/board.xml as part xcv80-lsva4737-2mhp-e-s specified in board_part file is either invalid or not available
WARNING: [Board 49-26] cannot add Board Part xilinx.com:vck190:part0:2.2 available at /opt/Xilinx/2025.2/data/xhub/boards/XilinxBoardStore/boards/Xilinx/vck190/production/2.2/board.xml as part xcvc1902-vsva2197-2mp-e-s specified in board_part file is either invalid or not available
WARNING: [Board 49-26] cannot add Board Part xilinx.com:vck190:part0:3.0 available at /opt/Xilinx/2025.2/data/xhub/boards/XilinxBoardStore/boards/Xilinx/vck190/production/3.0/board.xml as part xcvc1902-vsva2197-2mp-e-s specified in board_part file is either invalid or not available
WARNING: [Board 49-26] cannot add Board Part xilinx.com:vck190:part0:3.1 available at /opt/Xilinx/2025.2/data/xhub/boards/XilinxBoardStore/boards/Xilinx/vck190/production/3.1/board.xml as part xcvc1902-vsva2197-2mp-e-s specified in board_part file is either invalid or not available
WARNING: [Board 49-26] cannot add Board Part xilinx.com:vck190:part0:3.2 available at /opt/Xilinx/2025.2/data/xhub/boards/XilinxBoardStore/boards/Xilinx/vck190/production/3.2/board.xml as part xcvc1902-vsva2197-2mp-e-s specified in board_part file is either invalid or not available
WARNING: [Board 49-26] cannot add Board Part xilinx.com:vck190:part0:3.3 available at /opt/Xilinx/2025.2/data/xhub/boards/XilinxBoardStore/boards/Xilinx/vck190/production/3.3/board.xml as part xcvc1902-vsva2197-2mp-e-s specified in board_part file is either invalid or not available
WARNING: [Board 49-26] cannot add Board Part xilinx.com:vck190:part0:3.4 available at /opt/Xilinx/2025.2/data/xhub/boards/XilinxBoardStore/boards/Xilinx/vck190/production/3.4/board.xml as part xcvc1902-vsva2197-2mp-e-s specified in board_part file is either invalid or not available
WARNING: [Board 49-26] cannot add Board Part xilinx.com:vck190_newl:part0:1.0 available at /opt/Xilinx/2025.2/data/xhub/boards/XilinxBoardStore/boards/Xilinx/vck190_newl/production/1.0/board.xml as part xcvc1902-vsva2197-2mp-e-s specified in board_part file is either invalid or not available
WARNING: [Board 49-26] cannot add Board Part xilinx.com:vck190_newl:part0:1.1 available at /opt/Xilinx/2025.2/data/xhub/boards/XilinxBoardStore/boards/Xilinx/vck190_newl/production/1.1/board.xml as part xcvc1902-vsva2197-2mp-e-s specified in board_part file is either invalid or not available
WARNING: [Board 49-26] cannot add Board Part xilinx.com:vck190_newl:part0:1.2 available at /opt/Xilinx/2025.2/data/xhub/boards/XilinxBoardStore/boards/Xilinx/vck190_newl/production/1.2/board.xml as part xcvc1902-vsva2197-2mp-e-s specified in board_part file is either invalid or not available
WARNING: [Board 49-26] cannot add Board Part xilinx.com:vck190_newl:part0:1.3 available at /opt/Xilinx/2025.2/data/xhub/boards/XilinxBoardStore/boards/Xilinx/vck190_newl/production/1.3/board.xml as part xcvc1902-vsva2197-2mp-e-s specified in board_part file is either invalid or not available
WARNING: [Board 49-26] cannot add Board Part xilinx.com:vcu108:part0:1.6 available at /opt/Xilinx/2025.2/data/xhub/boards/XilinxBoardStore/boards/Xilinx/vcu108/1.6/board.xml as part xcvu095-ffva2104-2-e specified in board_part file is either invalid or not available
WARNING: [Board 49-26] cannot add Board Part xilinx.com:vcu108:part0:1.7 available at /opt/Xilinx/2025.2/data/xhub/boards/XilinxBoardStore/boards/Xilinx/vcu108/1.7/board.xml as part xcvu095-ffva2104-2-e specified in board_part file is either invalid or not available
WARNING: [Board 49-26] cannot add Board Part xilinx.com:vcu110:part0:1.4 available at /opt/Xilinx/2025.2/data/xhub/boards/XilinxBoardStore/boards/Xilinx/vcu110/1.4/board.xml as part xcvu190-flgc2104-2-e specified in board_part file is either invalid or not available
WARNING: [Board 49-26] cannot add Board Part xilinx.com:vcu118:part0:2.0 available at /opt/Xilinx/2025.2/data/xhub/boards/XilinxBoardStore/boards/Xilinx/vcu118/2.0/board.xml as part xcvu9p-flga2104-2l-e specified in board_part file is either invalid or not available
WARNING: [Board 49-26] cannot add Board Part xilinx.com:vcu118:part0:2.3 available at /opt/Xilinx/2025.2/data/xhub/boards/XilinxBoardStore/boards/Xilinx/vcu118/2.3/board.xml as part xcvu9p-flga2104-2l-e specified in board_part file is either invalid or not available
WARNING: [Board 49-26] cannot add Board Part xilinx.com:vcu118:part0:2.4 available at /opt/Xilinx/2025.2/data/xhub/boards/XilinxBoardStore/boards/Xilinx/vcu118/2.4/board.xml as part xcvu9p-flga2104-2l-e specified in board_part file is either invalid or not available
WARNING: [Board 49-26] cannot add Board Part xilinx.com:vcu128:part0:1.0 available at /opt/Xilinx/2025.2/data/xhub/boards/XilinxBoardStore/boards/Xilinx/vcu128/production/1.0/board.xml as part xcvu37p-fsvh2892-2l-e specified in board_part file is either invalid or not available
WARNING: [Board 49-26] cannot add Board Part xilinx.com:vcu129:part0:1.0 available at /opt/Xilinx/2025.2/data/xhub/boards/XilinxBoardStore/boards/Xilinx/vcu129/production/1.0/board.xml as part xcvu29p-fsga2577-2l-e specified in board_part file is either invalid or not available
WARNING: [Board 49-26] cannot add Board Part xilinx.com:vcu1525:part0:1.3 available at /opt/Xilinx/2025.2/data/xhub/boards/XilinxBoardStore/boards/Xilinx/vcu1525/1.3/board.xml as part xcvu9p-fsgd2104-2l-e specified in board_part file is either invalid or not available
WARNING: [Board 49-26] cannot add Board Part xilinx.com:vek280:part0:1.0 available at /opt/Xilinx/2025.2/data/xhub/boards/XilinxBoardStore/boards/Xilinx/vek280/production/1.0/board.xml as part xcve2802-vsvh1760-2mp-e-s specified in board_part file is either invalid or not available
WARNING: [Board 49-26] cannot add Board Part xilinx.com:vek280:part0:1.1 available at /opt/Xilinx/2025.2/data/xhub/boards/XilinxBoardStore/boards/Xilinx/vek280/production/1.1/board.xml as part xcve2802-vsvh1760-2mp-e-s specified in board_part file is either invalid or not available
WARNING: [Board 49-26] cannot add Board Part xilinx.com:vek280:part0:1.2 available at /opt/Xilinx/2025.2/data/xhub/boards/XilinxBoardStore/boards/Xilinx/vek280/production/1.2/board.xml as part xcve2802-vsvh1760-2mp-e-s specified in board_part file is either invalid or not available
WARNING: [Board 49-26] cannot add Board Part xilinx.com:vek385:part0:1.0 available at /opt/Xilinx/2025.2/data/xhub/boards/XilinxBoardStore/boards/Xilinx/vek385/1.0/board.xml as part xc2ve3858-ssva2112-2mp-e-s specified in board_part file is either invalid or not available
WARNING: [Board 49-26] cannot add Board Part xilinx.com:vek385:part0:1.1 available at /opt/Xilinx/2025.2/data/xhub/boards/XilinxBoardStore/boards/Xilinx/vek385/1.1/board.xml as part xc2ve3858-ssva2112-2mp-e-s specified in board_part file is either invalid or not available
WARNING: [Board 49-26] cannot add Board Part xilinx.com:vek385_1:part0:1.0 available at /opt/Xilinx/2025.2/data/xhub/boards/XilinxBoardStore/boards/Xilinx/vek385_2/1.0/board.xml as part xc2ve3858-ssva2112-2mp-e-s specified in board_part file is either invalid or not available
WARNING: [Board 49-26] cannot add Board Part xilinx.com:vhk158:part0:1.0 available at /opt/Xilinx/2025.2/data/xhub/boards/XilinxBoardStore/boards/Xilinx/vhk158/production/1.0/board.xml as part xcvh1582-vsva3697-2mp-e-s specified in board_part file is either invalid or not available
WARNING: [Board 49-26] cannot add Board Part xilinx.com:vhk158:part0:1.1 available at /opt/Xilinx/2025.2/data/xhub/boards/XilinxBoardStore/boards/Xilinx/vhk158/production/1.1/board.xml as part xcvh1582-vsva3697-2mp-e-s specified in board_part file is either invalid or not available
WARNING: [Board 49-26] cannot add Board Part xilinx.com:vhk158:part0:1.2 available at /opt/Xilinx/2025.2/data/xhub/boards/XilinxBoardStore/boards/Xilinx/vhk158/production/1.2/board.xml as part xcvh1582-vsva3697-2mp-e-s specified in board_part file is either invalid or not available
WARNING: [Board 49-26] cannot add Board Part xilinx.com:vmk180:part0:2.2 available at /opt/Xilinx/2025.2/data/xhub/boards/XilinxBoardStore/boards/Xilinx/vmk180/production/2.2/board.xml as part xcvm1802-vsva2197-2mp-e-s specified in board_part file is either invalid or not available
WARNING: [Board 49-26] cannot add Board Part xilinx.com:vmk180:part0:3.0 available at /opt/Xilinx/2025.2/data/xhub/boards/XilinxBoardStore/boards/Xilinx/vmk180/production/3.0/board.xml as part xcvm1802-vsva2197-2mp-e-s specified in board_part file is either invalid or not available
WARNING: [Board 49-26] cannot add Board Part xilinx.com:vmk180:part0:3.1 available at /opt/Xilinx/2025.2/data/xhub/boards/XilinxBoardStore/boards/Xilinx/vmk180/production/3.1/board.xml as part xcvm1802-vsva2197-2mp-e-s specified in board_part file is either invalid or not available
WARNING: [Board 49-26] cannot add Board Part xilinx.com:vmk180:part0:3.2 available at /opt/Xilinx/2025.2/data/xhub/boards/XilinxBoardStore/boards/Xilinx/vmk180/production/3.2/board.xml as part xcvm1802-vsva2197-2mp-e-s specified in board_part file is either invalid or not available
WARNING: [Board 49-26] cannot add Board Part xilinx.com:vmk180:part0:3.3 available at /opt/Xilinx/2025.2/data/xhub/boards/XilinxBoardStore/boards/Xilinx/vmk180/production/3.3/board.xml as part xcvm1802-vsva2197-2mp-e-s specified in board_part file is either invalid or not available
WARNING: [Board 49-26] cannot add Board Part xilinx.com:vmk180_newl:part0:1.0 available at /opt/Xilinx/2025.2/data/xhub/boards/XilinxBoardStore/boards/Xilinx/vmk180_newl/production/1.0/board.xml as part xcvm1802-vsva2197-2mp-e-s specified in board_part file is either invalid or not available
WARNING: [Board 49-26] cannot add Board Part xilinx.com:vmk180_newl:part0:1.1 available at /opt/Xilinx/2025.2/data/xhub/boards/XilinxBoardStore/boards/Xilinx/vmk180_newl/production/1.1/board.xml as part xcvm1802-vsva2197-2mp-e-s specified in board_part file is either invalid or not available
WARNING: [Board 49-26] cannot add Board Part xilinx.com:vpk120:part0:1.0 available at /opt/Xilinx/2025.2/data/xhub/boards/XilinxBoardStore/boards/Xilinx/vpk120/production/1.0/board.xml as part xcvp1202-vsva2785-2mp-e-s specified in board_part file is either invalid or not available
WARNING: [Board 49-26] cannot add Board Part xilinx.com:vpk120:part0:1.1 available at /opt/Xilinx/2025.2/data/xhub/boards/XilinxBoardStore/boards/Xilinx/vpk120/production/1.1/board.xml as part xcvp1202-vsva2785-2mp-e-s specified in board_part file is either invalid or not available
WARNING: [Board 49-26] cannot add Board Part xilinx.com:vpk120:part0:1.2 available at /opt/Xilinx/2025.2/data/xhub/boards/XilinxBoardStore/boards/Xilinx/vpk120/production/1.2/board.xml as part xcvp1202-vsva2785-2mp-e-s specified in board_part file is either invalid or not available
WARNING: [Board 49-26] cannot add Board Part xilinx.com:vpk180:part0:1.0 available at /opt/Xilinx/2025.2/data/xhub/boards/XilinxBoardStore/boards/Xilinx/vpk180/production/1.0/board.xml as part xcvp1802-lsvc4072-2mp-e-s specified in board_part file is either invalid or not available
WARNING: [Board 49-26] cannot add Board Part xilinx.com:vpk180:part0:1.1 available at /opt/Xilinx/2025.2/data/xhub/boards/XilinxBoardStore/boards/Xilinx/vpk180/production/1.1/board.xml as part xcvp1802-lsvc4072-2mp-e-s specified in board_part file is either invalid or not available
WARNING: [Board 49-26] cannot add Board Part xilinx.com:vpk180:part0:1.2 available at /opt/Xilinx/2025.2/data/xhub/boards/XilinxBoardStore/boards/Xilinx/vpk180/production/1.2/board.xml as part xcvp1802-lsvc4072-2mp-e-s specified in board_part file is either invalid or not available
WARNING: [Board 49-26] cannot add Board Part xilinx.com:vrk160:part0:1.0 available at /opt/Xilinx/2025.2/data/xhub/boards/XilinxBoardStore/boards/Xilinx/vrk160/1.0/board.xml as part xcvr1602-vsva2488-2mp-e-s-es1 specified in board_part file is either invalid or not available
WARNING: [Board 49-26] cannot add Board Part xilinx.com:vrk160:part0:1.1 available at /opt/Xilinx/2025.2/data/xhub/boards/XilinxBoardStore/boards/Xilinx/vrk160/1.1/board.xml as part xcvr1602-vsva2488-2mp-e-s-es1 specified in board_part file is either invalid or not available
WARNING: [Board 49-26] cannot add Board Part xilinx.com:zcu208ld:part0:2.0 available at /opt/Xilinx/2025.2/data/xhub/boards/XilinxBoardStore/boards/Xilinx/zcu208ld/production/2.0/board.xml as part xczu58dr-fsvg1517-2-i specified in board_part file is either invalid or not available
WARNING: [Board 49-26] cannot add Board Part xilinx.com:zcu216ld:part0:2.0 available at /opt/Xilinx/2025.2/data/xhub/boards/XilinxBoardStore/boards/Xilinx/zcu216ld/production/2.0/board.xml as part xczu59dr-ffvf1760-2-i specified in board_part file is either invalid or not available
WARNING: [Board 49-26] cannot add Board Part xilinx.com:zcu670ld:part0:1.0 available at /opt/Xilinx/2025.2/data/xhub/boards/XilinxBoardStore/boards/Xilinx/zcu670ld/1.0/board.xml as part xczu57dr-fsve1156-2-i specified in board_part file is either invalid or not available
WARNING: [Board 49-26] cannot add Board Part xilinx.com:emb-plus-vpr-4616:part0:1.0 available at /opt/Xilinx/2025.2/data/xhub/boards/XilinxBoardStore/boards/Xilinx/emb-plus-vpr-4616/1.0/board.xml as part xcve2302-sfva784-2mp-e-s specified in board_part file is either invalid or not available
WARNING: [Board 49-26] cannot add Board Part xilinx.com:emb-plus-vpr-4616:part0:1.1 available at /opt/Xilinx/2025.2/data/xhub/boards/XilinxBoardStore/boards/Xilinx/emb-plus-vpr-4616/1.1/board.xml as part xcve2302-sfva784-2mp-e-s specified in board_part file is either invalid or not available
WARNING: [Board 49-26] cannot add Board Part xilinx.com:kcu105:part0:1.6 available at /opt/Xilinx/2025.2/data/xhub/boards/XilinxBoardStore/boards/Xilinx/kcu105/1.6/board.xml as part xcku040-ffva1156-2-e specified in board_part file is either invalid or not available
WARNING: [Board 49-26] cannot add Board Part xilinx.com:kcu105:part0:1.7 available at /opt/Xilinx/2025.2/data/xhub/boards/XilinxBoardStore/boards/Xilinx/kcu105/1.7/board.xml as part xcku040-ffva1156-2-e specified in board_part file is either invalid or not available
WARNING: [Board 49-26] cannot add Board Part xilinx.com:kcu116:part0:1.4 available at /opt/Xilinx/2025.2/data/xhub/boards/XilinxBoardStore/boards/Xilinx/kcu116/1.4/board.xml as part xcku5p-ffvb676-2-e specified in board_part file is either invalid or not available
WARNING: [Board 49-26] cannot add Board Part xilinx.com:kcu116:part0:1.5 available at /opt/Xilinx/2025.2/data/xhub/boards/XilinxBoardStore/boards/Xilinx/kcu116/1.5/board.xml as part xcku5p-ffvb676-2-e specified in board_part file is either invalid or not available
WARNING: [Board 49-26] cannot add Board Part xilinx.com:kcu1500:part0:1.2 available at /opt/Xilinx/2025.2/data/xhub/boards/XilinxBoardStore/boards/Xilinx/kcu1500/1.2/board.xml as part xcku115-flvb2104-2-e specified in board_part file is either invalid or not available
WARNING: [Board 49-26] cannot add Board Part xilinx.com:scu35:part0:1.0 available at /opt/Xilinx/2025.2/data/xhub/boards/XilinxBoardStore/boards/Xilinx/scu35/1.0/board.xml as part xcsu35p-sbvb625-2-e specified in board_part file is either invalid or not available
WARNING: [Board 49-26] cannot add Board Part xilinx.com:v80:part0:1.0 available at /opt/Xilinx/2025.2/data/xhub/boards/XilinxBoardStore/boards/Xilinx/v80/1.0/board.xml as part xcv80-lsva4737-2mhp-e-s specified in board_part file is either invalid or not available
WARNING: [Board 49-26] cannot add Board Part xilinx.com:vck190:part0:2.2 available at /opt/Xilinx/2025.2/data/xhub/boards/XilinxBoardStore/boards/Xilinx/vck190/production/2.2/board.xml as part xcvc1902-vsva2197-2mp-e-s specified in board_part file is either invalid or not available
WARNING: [Board 49-26] cannot add Board Part xilinx.com:vck190:part0:3.0 available at /opt/Xilinx/2025.2/data/xhub/boards/XilinxBoardStore/boards/Xilinx/vck190/production/3.0/board.xml as part xcvc1902-vsva2197-2mp-e-s specified in board_part file is either invalid or not available
WARNING: [Board 49-26] cannot add Board Part xilinx.com:vck190:part0:3.1 available at /opt/Xilinx/2025.2/data/xhub/boards/XilinxBoardStore/boards/Xilinx/vck190/production/3.1/board.xml as part xcvc1902-vsva2197-2mp-e-s specified in board_part file is either invalid or not available
WARNING: [Board 49-26] cannot add Board Part xilinx.com:vck190:part0:3.2 available at /opt/Xilinx/2025.2/data/xhub/boards/XilinxBoardStore/boards/Xilinx/vck190/production/3.2/board.xml as part xcvc1902-vsva2197-2mp-e-s specified in board_part file is either invalid or not available
WARNING: [Board 49-26] cannot add Board Part xilinx.com:vck190:part0:3.3 available at /opt/Xilinx/2025.2/data/xhub/boards/XilinxBoardStore/boards/Xilinx/vck190/production/3.3/board.xml as part xcvc1902-vsva2197-2mp-e-s specified in board_part file is either invalid or not available
WARNING: [Board 49-26] cannot add Board Part xilinx.com:vck190:part0:3.4 available at /opt/Xilinx/2025.2/data/xhub/boards/XilinxBoardStore/boards/Xilinx/vck190/production/3.4/board.xml as part xcvc1902-vsva2197-2mp-e-s specified in board_part file is either invalid or not available
WARNING: [Board 49-26] cannot add Board Part xilinx.com:vck190_newl:part0:1.0 available at /opt/Xilinx/2025.2/data/xhub/boards/XilinxBoardStore/boards/Xilinx/vck190_newl/production/1.0/board.xml as part xcvc1902-vsva2197-2mp-e-s specified in board_part file is either invalid or not available
WARNING: [Board 49-26] cannot add Board Part xilinx.com:vck190_newl:part0:1.1 available at /opt/Xilinx/2025.2/data/xhub/boards/XilinxBoardStore/boards/Xilinx/vck190_newl/production/1.1/board.xml as part xcvc1902-vsva2197-2mp-e-s specified in board_part file is either invalid or not available
WARNING: [Board 49-26] cannot add Board Part xilinx.com:vck190_newl:part0:1.2 available at /opt/Xilinx/2025.2/data/xhub/boards/XilinxBoardStore/boards/Xilinx/vck190_newl/production/1.2/board.xml as part xcvc1902-vsva2197-2mp-e-s specified in board_part file is either invalid or not available
WARNING: [Board 49-26] cannot add Board Part xilinx.com:vck190_newl:part0:1.3 available at /opt/Xilinx/2025.2/data/xhub/boards/XilinxBoardStore/boards/Xilinx/vck190_newl/production/1.3/board.xml as part xcvc1902-vsva2197-2mp-e-s specified in board_part file is either invalid or not available
WARNING: [Board 49-26] cannot add Board Part xilinx.com:vcu108:part0:1.6 available at /opt/Xilinx/2025.2/data/xhub/boards/XilinxBoardStore/boards/Xilinx/vcu108/1.6/board.xml as part xcvu095-ffva2104-2-e specified in board_part file is either invalid or not available
WARNING: [Board 49-26] cannot add Board Part xilinx.com:vcu108:part0:1.7 available at /opt/Xilinx/2025.2/data/xhub/boards/XilinxBoardStore/boards/Xilinx/vcu108/1.7/board.xml as part xcvu095-ffva2104-2-e specified in board_part file is either invalid or not available
WARNING: [Board 49-26] cannot add Board Part xilinx.com:vcu110:part0:1.4 available at /opt/Xilinx/2025.2/data/xhub/boards/XilinxBoardStore/boards/Xilinx/vcu110/1.4/board.xml as part xcvu190-flgc2104-2-e specified in board_part file is either invalid or not available
WARNING: [Board 49-26] cannot add Board Part xilinx.com:vcu118:part0:2.0 available at /opt/Xilinx/2025.2/data/xhub/boards/XilinxBoardStore/boards/Xilinx/vcu118/2.0/board.xml as part xcvu9p-flga2104-2l-e specified in board_part file is either invalid or not available
WARNING: [Board 49-26] cannot add Board Part xilinx.com:vcu118:part0:2.3 available at /opt/Xilinx/2025.2/data/xhub/boards/XilinxBoardStore/boards/Xilinx/vcu118/2.3/board.xml as part xcvu9p-flga2104-2l-e specified in board_part file is either invalid or not available
WARNING: [Board 49-26] cannot add Board Part xilinx.com:vcu118:part0:2.4 available at /opt/Xilinx/2025.2/data/xhub/boards/XilinxBoardStore/boards/Xilinx/vcu118/2.4/board.xml as part xcvu9p-flga2104-2l-e specified in board_part file is either invalid or not available
WARNING: [Board 49-26] cannot add Board Part xilinx.com:vcu128:part0:1.0 available at /opt/Xilinx/2025.2/data/xhub/boards/XilinxBoardStore/boards/Xilinx/vcu128/production/1.0/board.xml as part xcvu37p-fsvh2892-2l-e specified in board_part file is either invalid or not available
WARNING: [Board 49-26] cannot add Board Part xilinx.com:vcu129:part0:1.0 available at /opt/Xilinx/2025.2/data/xhub/boards/XilinxBoardStore/boards/Xilinx/vcu129/production/1.0/board.xml as part xcvu29p-fsga2577-2l-e specified in board_part file is either invalid or not available
WARNING: [Board 49-26] cannot add Board Part xilinx.com:vcu1525:part0:1.3 available at /opt/Xilinx/2025.2/data/xhub/boards/XilinxBoardStore/boards/Xilinx/vcu1525/1.3/board.xml as part xcvu9p-fsgd2104-2l-e specified in board_part file is either invalid or not available
WARNING: [Board 49-26] cannot add Board Part xilinx.com:vek280:part0:1.0 available at /opt/Xilinx/2025.2/data/xhub/boards/XilinxBoardStore/boards/Xilinx/vek280/production/1.0/board.xml as part xcve2802-vsvh1760-2mp-e-s specified in board_part file is either invalid or not available
WARNING: [Board 49-26] cannot add Board Part xilinx.com:vek280:part0:1.1 available at /opt/Xilinx/2025.2/data/xhub/boards/XilinxBoardStore/boards/Xilinx/vek280/production/1.1/board.xml as part xcve2802-vsvh1760-2mp-e-s specified in board_part file is either invalid or not available
WARNING: [Board 49-26] cannot add Board Part xilinx.com:vek280:part0:1.2 available at /opt/Xilinx/2025.2/data/xhub/boards/XilinxBoardStore/boards/Xilinx/vek280/production/1.2/board.xml as part xcve2802-vsvh1760-2mp-e-s specified in board_part file is either invalid or not available
WARNING: [Board 49-26] cannot add Board Part xilinx.com:vek385:part0:1.0 available at /opt/Xilinx/2025.2/data/xhub/boards/XilinxBoardStore/boards/Xilinx/vek385/1.0/board.xml as part xc2ve3858-ssva2112-2mp-e-s specified in board_part file is either invalid or not available
WARNING: [Board 49-26] cannot add Board Part xilinx.com:vek385:part0:1.1 available at /opt/Xilinx/2025.2/data/xhub/boards/XilinxBoardStore/boards/Xilinx/vek385/1.1/board.xml as part xc2ve3858-ssva2112-2mp-e-s specified in board_part file is either invalid or not available
WARNING: [Board 49-26] cannot add Board Part xilinx.com:vek385_1:part0:1.0 available at /opt/Xilinx/2025.2/data/xhub/boards/XilinxBoardStore/boards/Xilinx/vek385_2/1.0/board.xml as part xc2ve3858-ssva2112-2mp-e-s specified in board_part file is either invalid or not available
WARNING: [Board 49-26] cannot add Board Part xilinx.com:vhk158:part0:1.0 available at /opt/Xilinx/2025.2/data/xhub/boards/XilinxBoardStore/boards/Xilinx/vhk158/production/1.0/board.xml as part xcvh1582-vsva3697-2mp-e-s specified in board_part file is either invalid or not available
WARNING: [Board 49-26] cannot add Board Part xilinx.com:vhk158:part0:1.1 available at /opt/Xilinx/2025.2/data/xhub/boards/XilinxBoardStore/boards/Xilinx/vhk158/production/1.1/board.xml as part xcvh1582-vsva3697-2mp-e-s specified in board_part file is either invalid or not available
WARNING: [Board 49-26] cannot add Board Part xilinx.com:vhk158:part0:1.2 available at /opt/Xilinx/2025.2/data/xhub/boards/XilinxBoardStore/boards/Xilinx/vhk158/production/1.2/board.xml as part xcvh1582-vsva3697-2mp-e-s specified in board_part file is either invalid or not available
WARNING: [Board 49-26] cannot add Board Part xilinx.com:vmk180:part0:2.2 available at /opt/Xilinx/2025.2/data/xhub/boards/XilinxBoardStore/boards/Xilinx/vmk180/production/2.2/board.xml as part xcvm1802-vsva2197-2mp-e-s specified in board_part file is either invalid or not available
WARNING: [Board 49-26] cannot add Board Part xilinx.com:vmk180:part0:3.0 available at /opt/Xilinx/2025.2/data/xhub/boards/XilinxBoardStore/boards/Xilinx/vmk180/production/3.0/board.xml as part xcvm1802-vsva2197-2mp-e-s specified in board_part file is either invalid or not available
WARNING: [Board 49-26] cannot add Board Part xilinx.com:vmk180:part0:3.1 available at /opt/Xilinx/2025.2/data/xhub/boards/XilinxBoardStore/boards/Xilinx/vmk180/production/3.1/board.xml as part xcvm1802-vsva2197-2mp-e-s specified in board_part file is either invalid or not available
WARNING: [Board 49-26] cannot add Board Part xilinx.com:vmk180:part0:3.2 available at /opt/Xilinx/2025.2/data/xhub/boards/XilinxBoardStore/boards/Xilinx/vmk180/production/3.2/board.xml as part xcvm1802-vsva2197-2mp-e-s specified in board_part file is either invalid or not available
WARNING: [Board 49-26] cannot add Board Part xilinx.com:vmk180:part0:3.3 available at /opt/Xilinx/2025.2/data/xhub/boards/XilinxBoardStore/boards/Xilinx/vmk180/production/3.3/board.xml as part xcvm1802-vsva2197-2mp-e-s specified in board_part file is either invalid or not available
WARNING: [Board 49-26] cannot add Board Part xilinx.com:vmk180_newl:part0:1.0 available at /opt/Xilinx/2025.2/data/xhub/boards/XilinxBoardStore/boards/Xilinx/vmk180_newl/production/1.0/board.xml as part xcvm1802-vsva2197-2mp-e-s specified in board_part file is either invalid or not available
WARNING: [Board 49-26] cannot add Board Part xilinx.com:vmk180_newl:part0:1.1 available at /opt/Xilinx/2025.2/data/xhub/boards/XilinxBoardStore/boards/Xilinx/vmk180_newl/production/1.1/board.xml as part xcvm1802-vsva2197-2mp-e-s specified in board_part file is either invalid or not available
WARNING: [Board 49-26] cannot add Board Part xilinx.com:vpk120:part0:1.0 available at /opt/Xilinx/2025.2/data/xhub/boards/XilinxBoardStore/boards/Xilinx/vpk120/production/1.0/board.xml as part xcvp1202-vsva2785-2mp-e-s specified in board_part file is either invalid or not available
INFO: [Common 17-14] Message 'Board 49-26' appears 100 times and further instances of the messages will be disabled. Use the Tcl command set_msg_config to change the current settings.
create_project project_class4 /home/shpark/project_class4 -part xc7vx485tffg1157-1
INFO: [IP_Flow 19-234] Refreshing IP repositories
INFO: [IP_Flow 19-1704] No user IP repositories specified
INFO: [IP_Flow 19-2313] Loaded Vivado IP repository '/opt/Xilinx/2025.2/data/ip'.
add_files -norecurse /home/shpark/project_class3/project_class3.srcs/utils_1/imports/synth_1/Ver_halfadder.dcp
add_files -fileset constrs_1 -norecurse /home/shpark/project_class3/project_class3.srcs/constrs_1/new/halfadder_pins.xdc
update_compile_order -fileset sources_1
WARNING: [Board 49-26] cannot add Board Part xilinx.com:emb-plus-vpr-4616:part0:1.0 available at /opt/Xilinx/2025.2/data/xhub/boards/XilinxBoardStore/boards/Xilinx/emb-plus-vpr-4616/1.0/board.xml as part xcve2302-sfva784-2mp-e-s specified in board_part file is either invalid or not available
WARNING: [Board 49-26] cannot add Board Part xilinx.com:emb-plus-vpr-4616:part0:1.1 available at /opt/Xilinx/2025.2/data/xhub/boards/XilinxBoardStore/boards/Xilinx/emb-plus-vpr-4616/1.1/board.xml as part xcve2302-sfva784-2mp-e-s specified in board_part file is either invalid or not available
WARNING: [Board 49-26] cannot add Board Part xilinx.com:kcu105:part0:1.6 available at /opt/Xilinx/2025.2/data/xhub/boards/XilinxBoardStore/boards/Xilinx/kcu105/1.6/board.xml as part xcku040-ffva1156-2-e specified in board_part file is either invalid or not available
WARNING: [Board 49-26] cannot add Board Part xilinx.com:kcu105:part0:1.7 available at /opt/Xilinx/2025.2/data/xhub/boards/XilinxBoardStore/boards/Xilinx/kcu105/1.7/board.xml as part xcku040-ffva1156-2-e specified in board_part file is either invalid or not available
WARNING: [Board 49-26] cannot add Board Part xilinx.com:kcu116:part0:1.4 available at /opt/Xilinx/2025.2/data/xhub/boards/XilinxBoardStore/boards/Xilinx/kcu116/1.4/board.xml as part xcku5p-ffvb676-2-e specified in board_part file is either invalid or not available
WARNING: [Board 49-26] cannot add Board Part xilinx.com:kcu116:part0:1.5 available at /opt/Xilinx/2025.2/data/xhub/boards/XilinxBoardStore/boards/Xilinx/kcu116/1.5/board.xml as part xcku5p-ffvb676-2-e specified in board_part file is either invalid or not available
WARNING: [Board 49-26] cannot add Board Part xilinx.com:kcu1500:part0:1.2 available at /opt/Xilinx/2025.2/data/xhub/boards/XilinxBoardStore/boards/Xilinx/kcu1500/1.2/board.xml as part xcku115-flvb2104-2-e specified in board_part file is either invalid or not available
WARNING: [Board 49-26] cannot add Board Part xilinx.com:scu35:part0:1.0 available at /opt/Xilinx/2025.2/data/xhub/boards/XilinxBoardStore/boards/Xilinx/scu35/1.0/board.xml as part xcsu35p-sbvb625-2-e specified in board_part file is either invalid or not available
WARNING: [Board 49-26] cannot add Board Part xilinx.com:v80:part0:1.0 available at /opt/Xilinx/2025.2/data/xhub/boards/XilinxBoardStore/boards/Xilinx/v80/1.0/board.xml as part xcv80-lsva4737-2mhp-e-s specified in board_part file is either invalid or not available
WARNING: [Board 49-26] cannot add Board Part xilinx.com:vck190:part0:2.2 available at /opt/Xilinx/2025.2/data/xhub/boards/XilinxBoardStore/boards/Xilinx/vck190/production/2.2/board.xml as part xcvc1902-vsva2197-2mp-e-s specified in board_part file is either invalid or not available
WARNING: [Board 49-26] cannot add Board Part xilinx.com:vck190:part0:3.0 available at /opt/Xilinx/2025.2/data/xhub/boards/XilinxBoardStore/boards/Xilinx/vck190/production/3.0/board.xml as part xcvc1902-vsva2197-2mp-e-s specified in board_part file is either invalid or not available
WARNING: [Board 49-26] cannot add Board Part xilinx.com:vck190:part0:3.1 available at /opt/Xilinx/2025.2/data/xhub/boards/XilinxBoardStore/boards/Xilinx/vck190/production/3.1/board.xml as part xcvc1902-vsva2197-2mp-e-s specified in board_part file is either invalid or not available
WARNING: [Board 49-26] cannot add Board Part xilinx.com:vck190:part0:3.2 available at /opt/Xilinx/2025.2/data/xhub/boards/XilinxBoardStore/boards/Xilinx/vck190/production/3.2/board.xml as part xcvc1902-vsva2197-2mp-e-s specified in board_part file is either invalid or not available
WARNING: [Board 49-26] cannot add Board Part xilinx.com:vck190:part0:3.3 available at /opt/Xilinx/2025.2/data/xhub/boards/XilinxBoardStore/boards/Xilinx/vck190/production/3.3/board.xml as part xcvc1902-vsva2197-2mp-e-s specified in board_part file is either invalid or not available
WARNING: [Board 49-26] cannot add Board Part xilinx.com:vck190:part0:3.4 available at /opt/Xilinx/2025.2/data/xhub/boards/XilinxBoardStore/boards/Xilinx/vck190/production/3.4/board.xml as part xcvc1902-vsva2197-2mp-e-s specified in board_part file is either invalid or not available
WARNING: [Board 49-26] cannot add Board Part xilinx.com:vck190_newl:part0:1.0 available at /opt/Xilinx/2025.2/data/xhub/boards/XilinxBoardStore/boards/Xilinx/vck190_newl/production/1.0/board.xml as part xcvc1902-vsva2197-2mp-e-s specified in board_part file is either invalid or not available
WARNING: [Board 49-26] cannot add Board Part xilinx.com:vck190_newl:part0:1.1 available at /opt/Xilinx/2025.2/data/xhub/boards/XilinxBoardStore/boards/Xilinx/vck190_newl/production/1.1/board.xml as part xcvc1902-vsva2197-2mp-e-s specified in board_part file is either invalid or not available
WARNING: [Board 49-26] cannot add Board Part xilinx.com:vck190_newl:part0:1.2 available at /opt/Xilinx/2025.2/data/xhub/boards/XilinxBoardStore/boards/Xilinx/vck190_newl/production/1.2/board.xml as part xcvc1902-vsva2197-2mp-e-s specified in board_part file is either invalid or not available
WARNING: [Board 49-26] cannot add Board Part xilinx.com:vck190_newl:part0:1.3 available at /opt/Xilinx/2025.2/data/xhub/boards/XilinxBoardStore/boards/Xilinx/vck190_newl/production/1.3/board.xml as part xcvc1902-vsva2197-2mp-e-s specified in board_part file is either invalid or not available
WARNING: [Board 49-26] cannot add Board Part xilinx.com:vcu108:part0:1.6 available at /opt/Xilinx/2025.2/data/xhub/boards/XilinxBoardStore/boards/Xilinx/vcu108/1.6/board.xml as part xcvu095-ffva2104-2-e specified in board_part file is either invalid or not available
WARNING: [Board 49-26] cannot add Board Part xilinx.com:vcu108:part0:1.7 available at /opt/Xilinx/2025.2/data/xhub/boards/XilinxBoardStore/boards/Xilinx/vcu108/1.7/board.xml as part xcvu095-ffva2104-2-e specified in board_part file is either invalid or not available
WARNING: [Board 49-26] cannot add Board Part xilinx.com:vcu110:part0:1.4 available at /opt/Xilinx/2025.2/data/xhub/boards/XilinxBoardStore/boards/Xilinx/vcu110/1.4/board.xml as part xcvu190-flgc2104-2-e specified in board_part file is either invalid or not available
WARNING: [Board 49-26] cannot add Board Part xilinx.com:vcu118:part0:2.0 available at /opt/Xilinx/2025.2/data/xhub/boards/XilinxBoardStore/boards/Xilinx/vcu118/2.0/board.xml as part xcvu9p-flga2104-2l-e specified in board_part file is either invalid or not available
WARNING: [Board 49-26] cannot add Board Part xilinx.com:vcu118:part0:2.3 available at /opt/Xilinx/2025.2/data/xhub/boards/XilinxBoardStore/boards/Xilinx/vcu118/2.3/board.xml as part xcvu9p-flga2104-2l-e specified in board_part file is either invalid or not available
WARNING: [Board 49-26] cannot add Board Part xilinx.com:vcu118:part0:2.4 available at /opt/Xilinx/2025.2/data/xhub/boards/XilinxBoardStore/boards/Xilinx/vcu118/2.4/board.xml as part xcvu9p-flga2104-2l-e specified in board_part file is either invalid or not available
WARNING: [Board 49-26] cannot add Board Part xilinx.com:vcu128:part0:1.0 available at /opt/Xilinx/2025.2/data/xhub/boards/XilinxBoardStore/boards/Xilinx/vcu128/production/1.0/board.xml as part xcvu37p-fsvh2892-2l-e specified in board_part file is either invalid or not available
WARNING: [Board 49-26] cannot add Board Part xilinx.com:vcu129:part0:1.0 available at /opt/Xilinx/2025.2/data/xhub/boards/XilinxBoardStore/boards/Xilinx/vcu129/production/1.0/board.xml as part xcvu29p-fsga2577-2l-e specified in board_part file is either invalid or not available
WARNING: [Board 49-26] cannot add Board Part xilinx.com:vcu1525:part0:1.3 available at /opt/Xilinx/2025.2/data/xhub/boards/XilinxBoardStore/boards/Xilinx/vcu1525/1.3/board.xml as part xcvu9p-fsgd2104-2l-e specified in board_part file is either invalid or not available
WARNING: [Board 49-26] cannot add Board Part xilinx.com:vek280:part0:1.0 available at /opt/Xilinx/2025.2/data/xhub/boards/XilinxBoardStore/boards/Xilinx/vek280/production/1.0/board.xml as part xcve2802-vsvh1760-2mp-e-s specified in board_part file is either invalid or not available
WARNING: [Board 49-26] cannot add Board Part xilinx.com:vek280:part0:1.1 available at /opt/Xilinx/2025.2/data/xhub/boards/XilinxBoardStore/boards/Xilinx/vek280/production/1.1/board.xml as part xcve2802-vsvh1760-2mp-e-s specified in board_part file is either invalid or not available
WARNING: [Board 49-26] cannot add Board Part xilinx.com:vek280:part0:1.2 available at /opt/Xilinx/2025.2/data/xhub/boards/XilinxBoardStore/boards/Xilinx/vek280/production/1.2/board.xml as part xcve2802-vsvh1760-2mp-e-s specified in board_part file is either invalid or not available
WARNING: [Board 49-26] cannot add Board Part xilinx.com:vek385:part0:1.0 available at /opt/Xilinx/2025.2/data/xhub/boards/XilinxBoardStore/boards/Xilinx/vek385/1.0/board.xml as part xc2ve3858-ssva2112-2mp-e-s specified in board_part file is either invalid or not available
WARNING: [Board 49-26] cannot add Board Part xilinx.com:vek385:part0:1.1 available at /opt/Xilinx/2025.2/data/xhub/boards/XilinxBoardStore/boards/Xilinx/vek385/1.1/board.xml as part xc2ve3858-ssva2112-2mp-e-s specified in board_part file is either invalid or not available
WARNING: [Board 49-26] cannot add Board Part xilinx.com:vek385_1:part0:1.0 available at /opt/Xilinx/2025.2/data/xhub/boards/XilinxBoardStore/boards/Xilinx/vek385_2/1.0/board.xml as part xc2ve3858-ssva2112-2mp-e-s specified in board_part file is either invalid or not available
WARNING: [Board 49-26] cannot add Board Part xilinx.com:vhk158:part0:1.0 available at /opt/Xilinx/2025.2/data/xhub/boards/XilinxBoardStore/boards/Xilinx/vhk158/production/1.0/board.xml as part xcvh1582-vsva3697-2mp-e-s specified in board_part file is either invalid or not available
WARNING: [Board 49-26] cannot add Board Part xilinx.com:vhk158:part0:1.1 available at /opt/Xilinx/2025.2/data/xhub/boards/XilinxBoardStore/boards/Xilinx/vhk158/production/1.1/board.xml as part xcvh1582-vsva3697-2mp-e-s specified in board_part file is either invalid or not available
WARNING: [Board 49-26] cannot add Board Part xilinx.com:vhk158:part0:1.2 available at /opt/Xilinx/2025.2/data/xhub/boards/XilinxBoardStore/boards/Xilinx/vhk158/production/1.2/board.xml as part xcvh1582-vsva3697-2mp-e-s specified in board_part file is either invalid or not available
WARNING: [Board 49-26] cannot add Board Part xilinx.com:vmk180:part0:2.2 available at /opt/Xilinx/2025.2/data/xhub/boards/XilinxBoardStore/boards/Xilinx/vmk180/production/2.2/board.xml as part xcvm1802-vsva2197-2mp-e-s specified in board_part file is either invalid or not available
WARNING: [Board 49-26] cannot add Board Part xilinx.com:vmk180:part0:3.0 available at /opt/Xilinx/2025.2/data/xhub/boards/XilinxBoardStore/boards/Xilinx/vmk180/production/3.0/board.xml as part xcvm1802-vsva2197-2mp-e-s specified in board_part file is either invalid or not available
WARNING: [Board 49-26] cannot add Board Part xilinx.com:vmk180:part0:3.1 available at /opt/Xilinx/2025.2/data/xhub/boards/XilinxBoardStore/boards/Xilinx/vmk180/production/3.1/board.xml as part xcvm1802-vsva2197-2mp-e-s specified in board_part file is either invalid or not available
WARNING: [Board 49-26] cannot add Board Part xilinx.com:vmk180:part0:3.2 available at /opt/Xilinx/2025.2/data/xhub/boards/XilinxBoardStore/boards/Xilinx/vmk180/production/3.2/board.xml as part xcvm1802-vsva2197-2mp-e-s specified in board_part file is either invalid or not available
WARNING: [Board 49-26] cannot add Board Part xilinx.com:vmk180:part0:3.3 available at /opt/Xilinx/2025.2/data/xhub/boards/XilinxBoardStore/boards/Xilinx/vmk180/production/3.3/board.xml as part xcvm1802-vsva2197-2mp-e-s specified in board_part file is either invalid or not available
WARNING: [Board 49-26] cannot add Board Part xilinx.com:vmk180_newl:part0:1.0 available at /opt/Xilinx/2025.2/data/xhub/boards/XilinxBoardStore/boards/Xilinx/vmk180_newl/production/1.0/board.xml as part xcvm1802-vsva2197-2mp-e-s specified in board_part file is either invalid or not available
WARNING: [Board 49-26] cannot add Board Part xilinx.com:vmk180_newl:part0:1.1 available at /opt/Xilinx/2025.2/data/xhub/boards/XilinxBoardStore/boards/Xilinx/vmk180_newl/production/1.1/board.xml as part xcvm1802-vsva2197-2mp-e-s specified in board_part file is either invalid or not available
WARNING: [Board 49-26] cannot add Board Part xilinx.com:vpk120:part0:1.0 available at /opt/Xilinx/2025.2/data/xhub/boards/XilinxBoardStore/boards/Xilinx/vpk120/production/1.0/board.xml as part xcvp1202-vsva2785-2mp-e-s specified in board_part file is either invalid or not available
WARNING: [Board 49-26] cannot add Board Part xilinx.com:vpk120:part0:1.1 available at /opt/Xilinx/2025.2/data/xhub/boards/XilinxBoardStore/boards/Xilinx/vpk120/production/1.1/board.xml as part xcvp1202-vsva2785-2mp-e-s specified in board_part file is either invalid or not available
WARNING: [Board 49-26] cannot add Board Part xilinx.com:vpk120:part0:1.2 available at /opt/Xilinx/2025.2/data/xhub/boards/XilinxBoardStore/boards/Xilinx/vpk120/production/1.2/board.xml as part xcvp1202-vsva2785-2mp-e-s specified in board_part file is either invalid or not available
WARNING: [Board 49-26] cannot add Board Part xilinx.com:vpk180:part0:1.0 available at /opt/Xilinx/2025.2/data/xhub/boards/XilinxBoardStore/boards/Xilinx/vpk180/production/1.0/board.xml as part xcvp1802-lsvc4072-2mp-e-s specified in board_part file is either invalid or not available
WARNING: [Board 49-26] cannot add Board Part xilinx.com:vpk180:part0:1.1 available at /opt/Xilinx/2025.2/data/xhub/boards/XilinxBoardStore/boards/Xilinx/vpk180/production/1.1/board.xml as part xcvp1802-lsvc4072-2mp-e-s specified in board_part file is either invalid or not available
WARNING: [Board 49-26] cannot add Board Part xilinx.com:vpk180:part0:1.2 available at /opt/Xilinx/2025.2/data/xhub/boards/XilinxBoardStore/boards/Xilinx/vpk180/production/1.2/board.xml as part xcvp1802-lsvc4072-2mp-e-s specified in board_part file is either invalid or not available
WARNING: [Board 49-26] cannot add Board Part xilinx.com:vrk160:part0:1.0 available at /opt/Xilinx/2025.2/data/xhub/boards/XilinxBoardStore/boards/Xilinx/vrk160/1.0/board.xml as part xcvr1602-vsva2488-2mp-e-s-es1 specified in board_part file is either invalid or not available
WARNING: [Board 49-26] cannot add Board Part xilinx.com:vrk160:part0:1.1 available at /opt/Xilinx/2025.2/data/xhub/boards/XilinxBoardStore/boards/Xilinx/vrk160/1.1/board.xml as part xcvr1602-vsva2488-2mp-e-s-es1 specified in board_part file is either invalid or not available
WARNING: [Board 49-26] cannot add Board Part xilinx.com:zcu208ld:part0:2.0 available at /opt/Xilinx/2025.2/data/xhub/boards/XilinxBoardStore/boards/Xilinx/zcu208ld/production/2.0/board.xml as part xczu58dr-fsvg1517-2-i specified in board_part file is either invalid or not available
WARNING: [Board 49-26] cannot add Board Part xilinx.com:zcu216ld:part0:2.0 available at /opt/Xilinx/2025.2/data/xhub/boards/XilinxBoardStore/boards/Xilinx/zcu216ld/production/2.0/board.xml as part xczu59dr-ffvf1760-2-i specified in board_part file is either invalid or not available
WARNING: [Board 49-26] cannot add Board Part xilinx.com:zcu670ld:part0:1.0 available at /opt/Xilinx/2025.2/data/xhub/boards/XilinxBoardStore/boards/Xilinx/zcu670ld/1.0/board.xml as part xczu57dr-fsve1156-2-i specified in board_part file is either invalid or not available
WARNING: [Board 49-26] cannot add Board Part xilinx.com:emb-plus-vpr-4616:part0:1.0 available at /opt/Xilinx/2025.2/data/xhub/boards/XilinxBoardStore/boards/Xilinx/emb-plus-vpr-4616/1.0/board.xml as part xcve2302-sfva784-2mp-e-s specified in board_part file is either invalid or not available
WARNING: [Board 49-26] cannot add Board Part xilinx.com:emb-plus-vpr-4616:part0:1.1 available at /opt/Xilinx/2025.2/data/xhub/boards/XilinxBoardStore/boards/Xilinx/emb-plus-vpr-4616/1.1/board.xml as part xcve2302-sfva784-2mp-e-s specified in board_part file is either invalid or not available
WARNING: [Board 49-26] cannot add Board Part xilinx.com:kcu105:part0:1.6 available at /opt/Xilinx/2025.2/data/xhub/boards/XilinxBoardStore/boards/Xilinx/kcu105/1.6/board.xml as part xcku040-ffva1156-2-e specified in board_part file is either invalid or not available
WARNING: [Board 49-26] cannot add Board Part xilinx.com:kcu105:part0:1.7 available at /opt/Xilinx/2025.2/data/xhub/boards/XilinxBoardStore/boards/Xilinx/kcu105/1.7/board.xml as part xcku040-ffva1156-2-e specified in board_part file is either invalid or not available
WARNING: [Board 49-26] cannot add Board Part xilinx.com:kcu116:part0:1.4 available at /opt/Xilinx/2025.2/data/xhub/boards/XilinxBoardStore/boards/Xilinx/kcu116/1.4/board.xml as part xcku5p-ffvb676-2-e specified in board_part file is either invalid or not available
WARNING: [Board 49-26] cannot add Board Part xilinx.com:kcu116:part0:1.5 available at /opt/Xilinx/2025.2/data/xhub/boards/XilinxBoardStore/boards/Xilinx/kcu116/1.5/board.xml as part xcku5p-ffvb676-2-e specified in board_part file is either invalid or not available
WARNING: [Board 49-26] cannot add Board Part xilinx.com:kcu1500:part0:1.2 available at /opt/Xilinx/2025.2/data/xhub/boards/XilinxBoardStore/boards/Xilinx/kcu1500/1.2/board.xml as part xcku115-flvb2104-2-e specified in board_part file is either invalid or not available
WARNING: [Board 49-26] cannot add Board Part xilinx.com:scu35:part0:1.0 available at /opt/Xilinx/2025.2/data/xhub/boards/XilinxBoardStore/boards/Xilinx/scu35/1.0/board.xml as part xcsu35p-sbvb625-2-e specified in board_part file is either invalid or not available
WARNING: [Board 49-26] cannot add Board Part xilinx.com:v80:part0:1.0 available at /opt/Xilinx/2025.2/data/xhub/boards/XilinxBoardStore/boards/Xilinx/v80/1.0/board.xml as part xcv80-lsva4737-2mhp-e-s specified in board_part file is either invalid or not available
WARNING: [Board 49-26] cannot add Board Part xilinx.com:vck190:part0:2.2 available at /opt/Xilinx/2025.2/data/xhub/boards/XilinxBoardStore/boards/Xilinx/vck190/production/2.2/board.xml as part xcvc1902-vsva2197-2mp-e-s specified in board_part file is either invalid or not available
WARNING: [Board 49-26] cannot add Board Part xilinx.com:vck190:part0:3.0 available at /opt/Xilinx/2025.2/data/xhub/boards/XilinxBoardStore/boards/Xilinx/vck190/production/3.0/board.xml as part xcvc1902-vsva2197-2mp-e-s specified in board_part file is either invalid or not available
WARNING: [Board 49-26] cannot add Board Part xilinx.com:vck190:part0:3.1 available at /opt/Xilinx/2025.2/data/xhub/boards/XilinxBoardStore/boards/Xilinx/vck190/production/3.1/board.xml as part xcvc1902-vsva2197-2mp-e-s specified in board_part file is either invalid or not available
WARNING: [Board 49-26] cannot add Board Part xilinx.com:vck190:part0:3.2 available at /opt/Xilinx/2025.2/data/xhub/boards/XilinxBoardStore/boards/Xilinx/vck190/production/3.2/board.xml as part xcvc1902-vsva2197-2mp-e-s specified in board_part file is either invalid or not available
WARNING: [Board 49-26] cannot add Board Part xilinx.com:vck190:part0:3.3 available at /opt/Xilinx/2025.2/data/xhub/boards/XilinxBoardStore/boards/Xilinx/vck190/production/3.3/board.xml as part xcvc1902-vsva2197-2mp-e-s specified in board_part file is either invalid or not available
WARNING: [Board 49-26] cannot add Board Part xilinx.com:vck190:part0:3.4 available at /opt/Xilinx/2025.2/data/xhub/boards/XilinxBoardStore/boards/Xilinx/vck190/production/3.4/board.xml as part xcvc1902-vsva2197-2mp-e-s specified in board_part file is either invalid or not available
WARNING: [Board 49-26] cannot add Board Part xilinx.com:vck190_newl:part0:1.0 available at /opt/Xilinx/2025.2/data/xhub/boards/XilinxBoardStore/boards/Xilinx/vck190_newl/production/1.0/board.xml as part xcvc1902-vsva2197-2mp-e-s specified in board_part file is either invalid or not available
WARNING: [Board 49-26] cannot add Board Part xilinx.com:vck190_newl:part0:1.1 available at /opt/Xilinx/2025.2/data/xhub/boards/XilinxBoardStore/boards/Xilinx/vck190_newl/production/1.1/board.xml as part xcvc1902-vsva2197-2mp-e-s specified in board_part file is either invalid or not available
WARNING: [Board 49-26] cannot add Board Part xilinx.com:vck190_newl:part0:1.2 available at /opt/Xilinx/2025.2/data/xhub/boards/XilinxBoardStore/boards/Xilinx/vck190_newl/production/1.2/board.xml as part xcvc1902-vsva2197-2mp-e-s specified in board_part file is either invalid or not available
WARNING: [Board 49-26] cannot add Board Part xilinx.com:vck190_newl:part0:1.3 available at /opt/Xilinx/2025.2/data/xhub/boards/XilinxBoardStore/boards/Xilinx/vck190_newl/production/1.3/board.xml as part xcvc1902-vsva2197-2mp-e-s specified in board_part file is either invalid or not available
WARNING: [Board 49-26] cannot add Board Part xilinx.com:vcu108:part0:1.6 available at /opt/Xilinx/2025.2/data/xhub/boards/XilinxBoardStore/boards/Xilinx/vcu108/1.6/board.xml as part xcvu095-ffva2104-2-e specified in board_part file is either invalid or not available
WARNING: [Board 49-26] cannot add Board Part xilinx.com:vcu108:part0:1.7 available at /opt/Xilinx/2025.2/data/xhub/boards/XilinxBoardStore/boards/Xilinx/vcu108/1.7/board.xml as part xcvu095-ffva2104-2-e specified in board_part file is either invalid or not available
WARNING: [Board 49-26] cannot add Board Part xilinx.com:vcu110:part0:1.4 available at /opt/Xilinx/2025.2/data/xhub/boards/XilinxBoardStore/boards/Xilinx/vcu110/1.4/board.xml as part xcvu190-flgc2104-2-e specified in board_part file is either invalid or not available
WARNING: [Board 49-26] cannot add Board Part xilinx.com:vcu118:part0:2.0 available at /opt/Xilinx/2025.2/data/xhub/boards/XilinxBoardStore/boards/Xilinx/vcu118/2.0/board.xml as part xcvu9p-flga2104-2l-e specified in board_part file is either invalid or not available
WARNING: [Board 49-26] cannot add Board Part xilinx.com:vcu118:part0:2.3 available at /opt/Xilinx/2025.2/data/xhub/boards/XilinxBoardStore/boards/Xilinx/vcu118/2.3/board.xml as part xcvu9p-flga2104-2l-e specified in board_part file is either invalid or not available
WARNING: [Board 49-26] cannot add Board Part xilinx.com:vcu118:part0:2.4 available at /opt/Xilinx/2025.2/data/xhub/boards/XilinxBoardStore/boards/Xilinx/vcu118/2.4/board.xml as part xcvu9p-flga2104-2l-e specified in board_part file is either invalid or not available
WARNING: [Board 49-26] cannot add Board Part xilinx.com:vcu128:part0:1.0 available at /opt/Xilinx/2025.2/data/xhub/boards/XilinxBoardStore/boards/Xilinx/vcu128/production/1.0/board.xml as part xcvu37p-fsvh2892-2l-e specified in board_part file is either invalid or not available
WARNING: [Board 49-26] cannot add Board Part xilinx.com:vcu129:part0:1.0 available at /opt/Xilinx/2025.2/data/xhub/boards/XilinxBoardStore/boards/Xilinx/vcu129/production/1.0/board.xml as part xcvu29p-fsga2577-2l-e specified in board_part file is either invalid or not available
WARNING: [Board 49-26] cannot add Board Part xilinx.com:vcu1525:part0:1.3 available at /opt/Xilinx/2025.2/data/xhub/boards/XilinxBoardStore/boards/Xilinx/vcu1525/1.3/board.xml as part xcvu9p-fsgd2104-2l-e specified in board_part file is either invalid or not available
WARNING: [Board 49-26] cannot add Board Part xilinx.com:vek280:part0:1.0 available at /opt/Xilinx/2025.2/data/xhub/boards/XilinxBoardStore/boards/Xilinx/vek280/production/1.0/board.xml as part xcve2802-vsvh1760-2mp-e-s specified in board_part file is either invalid or not available
WARNING: [Board 49-26] cannot add Board Part xilinx.com:vek280:part0:1.1 available at /opt/Xilinx/2025.2/data/xhub/boards/XilinxBoardStore/boards/Xilinx/vek280/production/1.1/board.xml as part xcve2802-vsvh1760-2mp-e-s specified in board_part file is either invalid or not available
WARNING: [Board 49-26] cannot add Board Part xilinx.com:vek280:part0:1.2 available at /opt/Xilinx/2025.2/data/xhub/boards/XilinxBoardStore/boards/Xilinx/vek280/production/1.2/board.xml as part xcve2802-vsvh1760-2mp-e-s specified in board_part file is either invalid or not available
WARNING: [Board 49-26] cannot add Board Part xilinx.com:vek385:part0:1.0 available at /opt/Xilinx/2025.2/data/xhub/boards/XilinxBoardStore/boards/Xilinx/vek385/1.0/board.xml as part xc2ve3858-ssva2112-2mp-e-s specified in board_part file is either invalid or not available
WARNING: [Board 49-26] cannot add Board Part xilinx.com:vek385:part0:1.1 available at /opt/Xilinx/2025.2/data/xhub/boards/XilinxBoardStore/boards/Xilinx/vek385/1.1/board.xml as part xc2ve3858-ssva2112-2mp-e-s specified in board_part file is either invalid or not available
WARNING: [Board 49-26] cannot add Board Part xilinx.com:vek385_1:part0:1.0 available at /opt/Xilinx/2025.2/data/xhub/boards/XilinxBoardStore/boards/Xilinx/vek385_2/1.0/board.xml as part xc2ve3858-ssva2112-2mp-e-s specified in board_part file is either invalid or not available
WARNING: [Board 49-26] cannot add Board Part xilinx.com:vhk158:part0:1.0 available at /opt/Xilinx/2025.2/data/xhub/boards/XilinxBoardStore/boards/Xilinx/vhk158/production/1.0/board.xml as part xcvh1582-vsva3697-2mp-e-s specified in board_part file is either invalid or not available
WARNING: [Board 49-26] cannot add Board Part xilinx.com:vhk158:part0:1.1 available at /opt/Xilinx/2025.2/data/xhub/boards/XilinxBoardStore/boards/Xilinx/vhk158/production/1.1/board.xml as part xcvh1582-vsva3697-2mp-e-s specified in board_part file is either invalid or not available
WARNING: [Board 49-26] cannot add Board Part xilinx.com:vhk158:part0:1.2 available at /opt/Xilinx/2025.2/data/xhub/boards/XilinxBoardStore/boards/Xilinx/vhk158/production/1.2/board.xml as part xcvh1582-vsva3697-2mp-e-s specified in board_part file is either invalid or not available
WARNING: [Board 49-26] cannot add Board Part xilinx.com:vmk180:part0:2.2 available at /opt/Xilinx/2025.2/data/xhub/boards/XilinxBoardStore/boards/Xilinx/vmk180/production/2.2/board.xml as part xcvm1802-vsva2197-2mp-e-s specified in board_part file is either invalid or not available
WARNING: [Board 49-26] cannot add Board Part xilinx.com:vmk180:part0:3.0 available at /opt/Xilinx/2025.2/data/xhub/boards/XilinxBoardStore/boards/Xilinx/vmk180/production/3.0/board.xml as part xcvm1802-vsva2197-2mp-e-s specified in board_part file is either invalid or not available
WARNING: [Board 49-26] cannot add Board Part xilinx.com:vmk180:part0:3.1 available at /opt/Xilinx/2025.2/data/xhub/boards/XilinxBoardStore/boards/Xilinx/vmk180/production/3.1/board.xml as part xcvm1802-vsva2197-2mp-e-s specified in board_part file is either invalid or not available
WARNING: [Board 49-26] cannot add Board Part xilinx.com:vmk180:part0:3.2 available at /opt/Xilinx/2025.2/data/xhub/boards/XilinxBoardStore/boards/Xilinx/vmk180/production/3.2/board.xml as part xcvm1802-vsva2197-2mp-e-s specified in board_part file is either invalid or not available
WARNING: [Board 49-26] cannot add Board Part xilinx.com:vmk180:part0:3.3 available at /opt/Xilinx/2025.2/data/xhub/boards/XilinxBoardStore/boards/Xilinx/vmk180/production/3.3/board.xml as part xcvm1802-vsva2197-2mp-e-s specified in board_part file is either invalid or not available
WARNING: [Board 49-26] cannot add Board Part xilinx.com:vmk180_newl:part0:1.0 available at /opt/Xilinx/2025.2/data/xhub/boards/XilinxBoardStore/boards/Xilinx/vmk180_newl/production/1.0/board.xml as part xcvm1802-vsva2197-2mp-e-s specified in board_part file is either invalid or not available
WARNING: [Board 49-26] cannot add Board Part xilinx.com:vmk180_newl:part0:1.1 available at /opt/Xilinx/2025.2/data/xhub/boards/XilinxBoardStore/boards/Xilinx/vmk180_newl/production/1.1/board.xml as part xcvm1802-vsva2197-2mp-e-s specified in board_part file is either invalid or not available
WARNING: [Board 49-26] cannot add Board Part xilinx.com:vpk120:part0:1.0 available at /opt/Xilinx/2025.2/data/xhub/boards/XilinxBoardStore/boards/Xilinx/vpk120/production/1.0/board.xml as part xcvp1202-vsva2785-2mp-e-s specified in board_part file is either invalid or not available
INFO: [Common 17-14] Message 'Board 49-26' appears 100 times and further instances of the messages will be disabled. Use the Tcl command set_msg_config to change the current settings.
set_property part xc7a15ticpg236-1L [current_project]
remove_files  /home/shpark/project_class3/project_class3.srcs/utils_1/imports/synth_1/Ver_halfadder.dcp
add_files -norecurse /home/shpark/project_class2/project_class2.srcs/sources_1/new/Ver_halfadder.v
synth_design -rtl -rtl_skip_mlo -name rtl_1
Command: synth_design -rtl -rtl_skip_mlo -name rtl_1
Starting synth_design
Using part: xc7a15ticpg236-1L
Top: Ver_halfadder
INFO: [Device 21-403] Loading part xc7a15ticpg236-1L
INFO: [Synth 8-7079] Multithreading enabled for synth_design using a maximum of 7 processes.
INFO: [Synth 8-7078] Launching helper process for spawning children vivado processes
INFO: [Synth 8-7075] Helper process launched with PID 1123233
---------------------------------------------------------------------------------
Starting RTL Elaboration : Time (s): cpu = 00:00:09 ; elapsed = 00:00:07 . Memory (MB): peak = 11071.793 ; gain = 497.969 ; free physical = 22827 ; free virtual = 43692
---------------------------------------------------------------------------------
INFO: [Synth 8-6157] synthesizing module 'Ver_halfadder' [/home/shpark/project_class2/project_class2.srcs/sources_1/new/Ver_halfadder.v:23]
INFO: [Synth 8-6155] done synthesizing module 'Ver_halfadder' (0#1) [/home/shpark/project_class2/project_class2.srcs/sources_1/new/Ver_halfadder.v:23]
---------------------------------------------------------------------------------
Finished RTL Elaboration : Time (s): cpu = 00:00:11 ; elapsed = 00:00:10 . Memory (MB): peak = 11154.762 ; gain = 580.938 ; free physical = 22738 ; free virtual = 43611
---------------------------------------------------------------------------------
---------------------------------------------------------------------------------
Start Handling Custom Attributes
---------------------------------------------------------------------------------
---------------------------------------------------------------------------------
Finished Handling Custom Attributes : Time (s): cpu = 00:00:12 ; elapsed = 00:00:10 . Memory (MB): peak = 11166.637 ; gain = 592.812 ; free physical = 22729 ; free virtual = 43595
---------------------------------------------------------------------------------
---------------------------------------------------------------------------------
Finished RTL Optimization Phase 1 : Time (s): cpu = 00:00:12 ; elapsed = 00:00:10 . Memory (MB): peak = 11166.637 ; gain = 592.812 ; free physical = 22729 ; free virtual = 43595
---------------------------------------------------------------------------------
Netlist sorting complete. Time (s): cpu = 00:00:00 ; elapsed = 00:00:00 . Memory (MB): peak = 11166.645 ; gain = 0.000 ; free physical = 22729 ; free virtual = 43595
INFO: [Project 1-570] Preparing netlist for logic optimization

Processing XDC Constraints
Initializing timing engine
Parsing XDC File [/home/shpark/project_class3/project_class3.srcs/constrs_1/new/halfadder_pins.xdc]
CRITICAL WARNING: [Common 17-69] Command failed: Invalid I/O Standard 'LVCOMS33'. Default I/O Standard is used instead [/home/shpark/project_class3/project_class3.srcs/constrs_1/new/halfadder_pins.xdc:3]
CRITICAL WARNING: [Designutils 20-1307] Command 'creat_clock' is not supported in the xdc constraint file. [/home/shpark/project_class3/project_class3.srcs/constrs_1/new/halfadder_pins.xdc:5]
WARNING: [Vivado 12-584] No ports matched 'SUM'. [/home/shpark/project_class3/project_class3.srcs/constrs_1/new/halfadder_pins.xdc:7]
CRITICAL WARNING: [Common 17-55] 'set_property' expects at least one object. [/home/shpark/project_class3/project_class3.srcs/constrs_1/new/halfadder_pins.xdc:7]
Resolution: If [get_<value>] was used to populate the object, check to make sure this command returns at least one valid object.
WARNING: [Vivado 12-584] No ports matched 'CARRY'. [/home/shpark/project_class3/project_class3.srcs/constrs_1/new/halfadder_pins.xdc:8]
CRITICAL WARNING: [Common 17-55] 'set_property' expects at least one object. [/home/shpark/project_class3/project_class3.srcs/constrs_1/new/halfadder_pins.xdc:8]
Resolution: If [get_<value>] was used to populate the object, check to make sure this command returns at least one valid object.
Finished Parsing XDC File [/home/shpark/project_class3/project_class3.srcs/constrs_1/new/halfadder_pins.xdc]
Completed Processing XDC Constraints

Netlist sorting complete. Time (s): cpu = 00:00:00 ; elapsed = 00:00:00 . Memory (MB): peak = 11234.473 ; gain = 0.000 ; free physical = 22875 ; free virtual = 43741
INFO: [Project 1-111] Unisim Transformation Summary:
No Unisim elements were transformed.

RTL Elaboration Complete:  : Time (s): cpu = 00:00:39 ; elapsed = 00:00:17 . Memory (MB): peak = 11516.105 ; gain = 942.281 ; free physical = 22614 ; free virtual = 43481
8 Infos, 2 Warnings, 4 Critical Warnings and 0 Errors encountered.
synth_design completed successfully
synth_design: Time (s): cpu = 00:00:43 ; elapsed = 00:00:20 . Memory (MB): peak = 11516.105 ; gain = 1048.605 ; free physical = 22614 ; free virtual = 43481
INFO: [Common 17-2834] synth_design peak Physical Memory [PSS] (MB): overall = 2117.815; main = 2117.815; forked = 217.572
INFO: [Common 17-2834] synth_design peak Virtual Memory [VSS] (MB): overall = 12788.617; main = 11516.074; forked = 1633.852
refresh_design
INFO: [Project 1-570] Preparing netlist for logic optimization

Processing XDC Constraints
Initializing timing engine
Parsing XDC File [/home/shpark/project_class3/project_class3.srcs/constrs_1/new/halfadder_pins.xdc]
CRITICAL WARNING: [Designutils 20-1307] Command 'creat_clock' is not supported in the xdc constraint file. [/home/shpark/project_class3/project_class3.srcs/constrs_1/new/halfadder_pins.xdc:5]
WARNING: [Vivado 12-584] No ports matched 'SUM'. [/home/shpark/project_class3/project_class3.srcs/constrs_1/new/halfadder_pins.xdc:7]
CRITICAL WARNING: [Common 17-55] 'set_property' expects at least one object. [/home/shpark/project_class3/project_class3.srcs/constrs_1/new/halfadder_pins.xdc:7]
Resolution: If [get_<value>] was used to populate the object, check to make sure this command returns at least one valid object.
WARNING: [Vivado 12-584] No ports matched 'CARRY'. [/home/shpark/project_class3/project_class3.srcs/constrs_1/new/halfadder_pins.xdc:8]
CRITICAL WARNING: [Common 17-55] 'set_property' expects at least one object. [/home/shpark/project_class3/project_class3.srcs/constrs_1/new/halfadder_pins.xdc:8]
Resolution: If [get_<value>] was used to populate the object, check to make sure this command returns at least one valid object.
Finished Parsing XDC File [/home/shpark/project_class3/project_class3.srcs/constrs_1/new/halfadder_pins.xdc]
Completed Processing XDC Constraints

refresh_design
INFO: [Project 1-570] Preparing netlist for logic optimization

Processing XDC Constraints
Initializing timing engine
Parsing XDC File [/home/shpark/project_class3/project_class3.srcs/constrs_1/new/halfadder_pins.xdc]
Finished Parsing XDC File [/home/shpark/project_class3/project_class3.srcs/constrs_1/new/halfadder_pins.xdc]
Completed Processing XDC Constraints

launch_runs synth_1 -jobs 12
WARNING: [Vivado 12-7122] Auto Incremental Compile:: No reference checkpoint was found in run synth_1. Auto-incremental flow will not be run, the standard flow will be run instead.
[Wed Sep 30 17:08:36 2026] Launched synth_1...
Run output will be captured here: /home/shpark/project_class4/project_class4.runs/synth_1/runme.log
close_design
open_run synth_1 -name synth_1
Design is defaulting to impl run constrset: constrs_1
Design is defaulting to synth run part: xc7a15ticpg236-1L
INFO: [Project 1-5699] Read binary netlist with skipMacroContent - 1
Netlist sorting complete. Time (s): cpu = 00:00:00 ; elapsed = 00:00:00 . Memory (MB): peak = 11560.320 ; gain = 0.000 ; free physical = 21039 ; free virtual = 41934
INFO: [Project 1-479] Netlist was created with Vivado 2025.2
INFO: [Project 1-570] Preparing netlist for logic optimization
Parsing XDC File [/home/shpark/project_class3/project_class3.srcs/constrs_1/new/halfadder_pins.xdc]
Finished Parsing XDC File [/home/shpark/project_class3/project_class3.srcs/constrs_1/new/halfadder_pins.xdc]
INFO: [Opt 31-138] Pushed 0 inverter(s) to 0 load pin(s).
Netlist sorting complete. Time (s): cpu = 00:00:00 ; elapsed = 00:00:00 . Memory (MB): peak = 11593.508 ; gain = 0.000 ; free physical = 21029 ; free virtual = 41917
INFO: [Project 1-111] Unisim Transformation Summary:
No Unisim elements were transformed.

refresh_design
INFO: [Project 1-570] Preparing netlist for logic optimization
Parsing XDC File [/home/shpark/project_class3/project_class3.srcs/constrs_1/new/halfadder_pins.xdc]
WARNING: [Vivado 12-584] No ports matched 'clk_in'. [/home/shpark/project_class3/project_class3.srcs/constrs_1/new/halfadder_pins.xdc:3]
CRITICAL WARNING: [Common 17-55] 'set_property' expects at least one object. [/home/shpark/project_class3/project_class3.srcs/constrs_1/new/halfadder_pins.xdc:3]
Resolution: If [get_<value>] was used to populate the object, check to make sure this command returns at least one valid object.
WARNING: [Vivado 12-584] No ports matched 'clk_in'. [/home/shpark/project_class3/project_class3.srcs/constrs_1/new/halfadder_pins.xdc:5]
CRITICAL WARNING: [Vivado 12-4739] create_clock:No valid object(s) found for '-objects [get_ports clk_in]'. [/home/shpark/project_class3/project_class3.srcs/constrs_1/new/halfadder_pins.xdc:5]
Resolution: Check if the specified object(s) exists in the current design. If it does, ensure that the correct design hierarchy was specified for the object. If you are working with clocks, make sure create_clock was used to create the clock object before it is referenced.
Finished Parsing XDC File [/home/shpark/project_class3/project_class3.srcs/constrs_1/new/halfadder_pins.xdc]
INFO: [Opt 31-138] Pushed 0 inverter(s) to 0 load pin(s).
reset_run synth_1
INFO: [Project 1-1160] Copying file /home/shpark/project_class4/project_class4.runs/synth_1/Ver_halfadder.dcp to /home/shpark/project_class4/project_class4.srcs/utils_1/imports/synth_1 and adding it to utils fileset
launch_runs synth_1 -jobs 12
[Wed Sep 30 17:18:11 2026] Launched synth_1...
Run output will be captured here: /home/shpark/project_class4/project_class4.runs/synth_1/runme.log
close_design
open_run synth_1 -name synth_1
Design is defaulting to impl run constrset: constrs_1
Design is defaulting to synth run part: xc7a15ticpg236-1L
INFO: [Project 1-5699] Read binary netlist with skipMacroContent - 1
Netlist sorting complete. Time (s): cpu = 00:00:00 ; elapsed = 00:00:00 . Memory (MB): peak = 11932.699 ; gain = 0.000 ; free physical = 21260 ; free virtual = 42285
INFO: [Project 1-479] Netlist was created with Vivado 2025.2
INFO: [Project 1-570] Preparing netlist for logic optimization
Parsing XDC File [/home/shpark/project_class3/project_class3.srcs/constrs_1/new/halfadder_pins.xdc]
Finished Parsing XDC File [/home/shpark/project_class3/project_class3.srcs/constrs_1/new/halfadder_pins.xdc]
INFO: [Opt 31-138] Pushed 0 inverter(s) to 0 load pin(s).
Netlist sorting complete. Time (s): cpu = 00:00:00 ; elapsed = 00:00:00 . Memory (MB): peak = 11932.699 ; gain = 0.000 ; free physical = 21136 ; free virtual = 42161
INFO: [Project 1-111] Unisim Transformation Summary:
No Unisim elements were transformed.

launch_runs impl_1 -jobs 12
Wrote PlaceDB: Time (s): cpu = 00:00:00 ; elapsed = 00:00:00 . Memory (MB): peak = 11947.699 ; gain = 0.000 ; free physical = 19062 ; free virtual = 40097
Write ShapeDB Complete: Time (s): cpu = 00:00:00 ; elapsed = 00:00:00 . Memory (MB): peak = 11947.699 ; gain = 0.000 ; free physical = 19062 ; free virtual = 40097
INFO: [Timing 38-480] Writing timing data to binary archive.
Wrote PulsedLatchDB: Time (s): cpu = 00:00:00 ; elapsed = 00:00:00 . Memory (MB): peak = 11947.699 ; gain = 0.000 ; free physical = 19053 ; free virtual = 40089
Writing XDEF routing.
Writing XDEF routing logical nets.
Writing XDEF routing special nets.
Wrote RouteStorage: Time (s): cpu = 00:00:00.04 ; elapsed = 00:00:00.03 . Memory (MB): peak = 11947.699 ; gain = 0.000 ; free physical = 19050 ; free virtual = 40085
Wrote PlaceStorage: Time (s): cpu = 00:00:00 ; elapsed = 00:00:00 . Memory (MB): peak = 11947.699 ; gain = 0.000 ; free physical = 19049 ; free virtual = 40085
Wrote Netlist Cache: Time (s): cpu = 00:00:00 ; elapsed = 00:00:00 . Memory (MB): peak = 11947.699 ; gain = 0.000 ; free physical = 19049 ; free virtual = 40085
Wrote Device Cache: Time (s): cpu = 00:00:00.01 ; elapsed = 00:00:00.01 . Memory (MB): peak = 11947.699 ; gain = 0.000 ; free physical = 19045 ; free virtual = 40085
Write Physdb Complete: Time (s): cpu = 00:00:00.09 ; elapsed = 00:00:00.05 . Memory (MB): peak = 11947.699 ; gain = 0.000 ; free physical = 19045 ; free virtual = 40085
[Wed Sep 30 17:21:32 2026] Launched impl_1...
Run output will be captured here: /home/shpark/project_class4/project_class4.runs/impl_1/runme.log
close_design
open_run impl_1
Netlist sorting complete. Time (s): cpu = 00:00:00 ; elapsed = 00:00:00 . Memory (MB): peak = 11947.699 ; gain = 0.000 ; free physical = 21699 ; free virtual = 42729
INFO: [Project 1-479] Netlist was created with Vivado 2025.2
INFO: [Project 1-570] Preparing netlist for logic optimization
Read ShapeDB Complete: Time (s): cpu = 00:00:00.01 ; elapsed = 00:00:00 . Memory (MB): peak = 11947.699 ; gain = 0.000 ; free physical = 21684 ; free virtual = 42714
INFO: [Timing 38-478] Restoring timing data from binary archive.
INFO: [Timing 38-479] Binary timing data restore complete.
INFO: [Project 1-856] Restoring constraints from binary archive.
INFO: [Project 1-853] Binary constraint restore complete.
INFO: [Designutils 20-5722] Start Reading Physical Databases.
Reading placement.
Read Netlist Cache: Time (s): cpu = 00:00:00 ; elapsed = 00:00:00.01 . Memory (MB): peak = 11947.699 ; gain = 0.000 ; free physical = 21694 ; free virtual = 42731
Reading placer database...
Read Device Cache: Time (s): cpu = 00:00:00 ; elapsed = 00:00:00.01 . Memory (MB): peak = 11947.699 ; gain = 0.000 ; free physical = 21694 ; free virtual = 42731
Read PlaceDB: Time (s): cpu = 00:00:00 ; elapsed = 00:00:00 . Memory (MB): peak = 11947.699 ; gain = 0.000 ; free physical = 21694 ; free virtual = 42731
Read placeStorage: Time (s): cpu = 00:00:00 ; elapsed = 00:00:00 . Memory (MB): peak = 11947.699 ; gain = 0.000 ; free physical = 21694 ; free virtual = 42732
Read PulsedLatchDB: Time (s): cpu = 00:00:00 ; elapsed = 00:00:00 . Memory (MB): peak = 11947.699 ; gain = 0.000 ; free physical = 21694 ; free virtual = 42732
Reading routing.
Read RouteStorage: Time (s): cpu = 00:00:00 ; elapsed = 00:00:00.01 . Memory (MB): peak = 11947.699 ; gain = 0.000 ; free physical = 21695 ; free virtual = 42732
Read Physdb Files: Time (s): cpu = 00:00:00.02 ; elapsed = 00:00:00.03 . Memory (MB): peak = 11947.699 ; gain = 0.000 ; free physical = 21695 ; free virtual = 42732
Restored from archive | CPU: 0.030000 secs | Memory: 0.037094 MB |
Finished XDEF File Restore: Time (s): cpu = 00:00:00.02 ; elapsed = 00:00:00.03 . Memory (MB): peak = 11947.699 ; gain = 0.000 ; free physical = 21695 ; free virtual = 42732
Netlist sorting complete. Time (s): cpu = 00:00:00 ; elapsed = 00:00:00 . Memory (MB): peak = 11947.699 ; gain = 0.000 ; free physical = 21695 ; free virtual = 42732
INFO: [Project 1-111] Unisim Transformation Summary:
No Unisim elements were transformed.

open_run: Time (s): cpu = 00:00:19 ; elapsed = 00:00:11 . Memory (MB): peak = 12024.664 ; gain = 76.965 ; free physical = 21661 ; free virtual = 42688
open_run synth_1 -name synth_1
Design is defaulting to impl run constrset: constrs_1
Design is defaulting to synth run part: xc7a15ticpg236-1L
INFO: [Project 1-5699] Read binary netlist with skipMacroContent - 1
Netlist sorting complete. Time (s): cpu = 00:00:00 ; elapsed = 00:00:00 . Memory (MB): peak = 12024.664 ; gain = 0.000 ; free physical = 20965 ; free virtual = 41992
INFO: [Project 1-479] Netlist was created with Vivado 2025.2
INFO: [Project 1-570] Preparing netlist for logic optimization
Parsing XDC File [/home/shpark/project_class3/project_class3.srcs/constrs_1/new/halfadder_pins.xdc]
Finished Parsing XDC File [/home/shpark/project_class3/project_class3.srcs/constrs_1/new/halfadder_pins.xdc]
INFO: [Opt 31-138] Pushed 0 inverter(s) to 0 load pin(s).
Netlist sorting complete. Time (s): cpu = 00:00:00 ; elapsed = 00:00:00 . Memory (MB): peak = 12048.594 ; gain = 0.000 ; free physical = 20820 ; free virtual = 41861
INFO: [Project 1-111] Unisim Transformation Summary:
No Unisim elements were transformed.

file mkdir /home/shpark/project_class4/project_class4.srcs/sources_1/new
close [ open /home/shpark/project_class4/project_class4.srcs/sources_1/new/Ver_counter.v w ]
add_files /home/shpark/project_class4/project_class4.srcs/sources_1/new/Ver_counter.v
update_compile_order -fileset sources_1
WARNING: [filemgmt 56-199] Attempt to get parsing info during refresh. "On-the-fly" syntax checking information may be incorrect. [/home/shpark/project_class2/project_class2.srcs/sources_1/new/Ver_halfadder.v:]
WARNING: [filemgmt 56-199] Attempt to get parsing info during refresh. "On-the-fly" syntax checking information may be incorrect. [/home/shpark/project_class4/project_class4.srcs/sources_1/new/Ver_counter.v:]
WARNING: [filemgmt 56-199] Attempt to get parsing info during refresh. "On-the-fly" syntax checking information may be incorrect. [/home/shpark/project_class2/project_class2.srcs/sources_1/new/Ver_halfadder.v:]
WARNING: [filemgmt 56-199] Attempt to get parsing info during refresh. "On-the-fly" syntax checking information may be incorrect. [/home/shpark/project_class2/project_class2.srcs/sources_1/new/Ver_halfadder.v:]
WARNING: [filemgmt 56-199] Attempt to get parsing info during refresh. "On-the-fly" syntax checking information may be incorrect. [/home/shpark/project_class2/project_class2.srcs/sources_1/new/Ver_halfadder.v:]
WARNING: [filemgmt 56-199] Attempt to get parsing info during refresh. "On-the-fly" syntax checking information may be incorrect. [/home/shpark/project_class4/project_class4.srcs/sources_1/new/Ver_counter.v:]
WARNING: [filemgmt 56-199] Attempt to get parsing info during refresh. "On-the-fly" syntax checking information may be incorrect. [/home/shpark/project_class2/project_class2.srcs/sources_1/new/Ver_halfadder.v:]
WARNING: [filemgmt 56-199] Attempt to get parsing info during refresh. "On-the-fly" syntax checking information may be incorrect. [/home/shpark/project_class2/project_class2.srcs/sources_1/new/Ver_halfadder.v:]
WARNING: [IP_Flow 19-4067] Ignoring invalid widget type specified checkbox.Providing a default widget
create_ip -name ila -vendor xilinx.com -library ip -version 6.2 -module_name ila_0
set_property -dict [list \
  CONFIG.ALL_PROBE_SAME_MU {true} \
  CONFIG.C_NUM_OF_PROBES {2} \
] [get_ips ila_0]
WARNING: [filemgmt 56-199] Attempt to get parsing info during refresh. "On-the-fly" syntax checking information may be incorrect. [/home/shpark/project_class2/project_class2.srcs/sources_1/new/Ver_halfadder.v:]
WARNING: [filemgmt 56-199] Attempt to get parsing info during refresh. "On-the-fly" syntax checking information may be incorrect. [/home/shpark/project_class4/project_class4.srcs/sources_1/new/Ver_counter.v:]
WARNING: [filemgmt 56-199] Attempt to get parsing info during refresh. "On-the-fly" syntax checking information may be incorrect. [/home/shpark/project_class2/project_class2.srcs/sources_1/new/Ver_halfadder.v:]
WARNING: [filemgmt 56-199] Attempt to get parsing info during refresh. "On-the-fly" syntax checking information may be incorrect. [/home/shpark/project_class2/project_class2.srcs/sources_1/new/Ver_halfadder.v:]
generate_target {instantiation_template} [get_files /home/shpark/project_class4/project_class4.srcs/sources_1/ip/ila_0/ila_0.xci]
INFO: [IP_Flow 19-1686] Generating 'Instantiation Template' target for IP 'ila_0'...
WARNING: [filemgmt 56-199] Attempt to get parsing info during refresh. "On-the-fly" syntax checking information may be incorrect. [/home/shpark/project_class2/project_class2.srcs/sources_1/new/Ver_halfadder.v:]
WARNING: [filemgmt 56-199] Attempt to get parsing info during refresh. "On-the-fly" syntax checking information may be incorrect. [/home/shpark/project_class4/project_class4.srcs/sources_1/new/Ver_counter.v:]
WARNING: [filemgmt 56-199] Attempt to get parsing info during refresh. "On-the-fly" syntax checking information may be incorrect. [/home/shpark/project_class4/project_class4.srcs/sources_1/new/Ver_counter.v:]
WARNING: [filemgmt 56-199] Attempt to get parsing info during refresh. "On-the-fly" syntax checking information may be incorrect. [/home/shpark/project_class4/project_class4.srcs/sources_1/new/Ver_counter.v:]
WARNING: [filemgmt 56-199] Attempt to get parsing info during refresh. "On-the-fly" syntax checking information may be incorrect. [/home/shpark/project_class2/project_class2.srcs/sources_1/new/Ver_halfadder.v:]
WARNING: [filemgmt 56-199] Attempt to get parsing info during refresh. "On-the-fly" syntax checking information may be incorrect. [/home/shpark/project_class4/project_class4.srcs/sources_1/new/Ver_counter.v:]
WARNING: [filemgmt 56-199] Attempt to get parsing info during refresh. "On-the-fly" syntax checking information may be incorrect. [/home/shpark/project_class2/project_class2.srcs/sources_1/new/Ver_halfadder.v:]
WARNING: [filemgmt 56-199] Attempt to get parsing info during refresh. "On-the-fly" syntax checking information may be incorrect. [/home/shpark/project_class2/project_class2.srcs/sources_1/new/Ver_halfadder.v:]
update_compile_order -fileset sources_1
WARNING: [filemgmt 56-199] Attempt to get parsing info during refresh. "On-the-fly" syntax checking information may be incorrect. [/home/shpark/project_class2/project_class2.srcs/sources_1/new/Ver_halfadder.v:]
WARNING: [filemgmt 56-199] Attempt to get parsing info during refresh. "On-the-fly" syntax checking information may be incorrect. [/home/shpark/project_class4/project_class4.srcs/sources_1/new/Ver_counter.v:]
WARNING: [filemgmt 56-199] Attempt to get parsing info during refresh. "On-the-fly" syntax checking information may be incorrect. [/home/shpark/project_class4/project_class4.srcs/sources_1/new/Ver_counter.v:]
WARNING: [filemgmt 56-199] Attempt to get parsing info during refresh. "On-the-fly" syntax checking information may be incorrect. [/home/shpark/project_class4/project_class4.srcs/sources_1/new/Ver_counter.v:]
generate_target all [get_files  /home/shpark/project_class4/project_class4.srcs/sources_1/ip/ila_0/ila_0.xci]
INFO: [IP_Flow 19-1686] Generating 'Synthesis' target for IP 'ila_0'...
WARNING: [IP_Flow 19-4994] Overwriting existing constraint file '/home/shpark/project_class4/project_class4.gen/sources_1/ip/ila_0/ila_0_ooc.xdc'
INFO: [IP_Flow 19-1686] Generating 'Simulation' target for IP 'ila_0'...
INFO: [IP_Flow 19-1686] Generating 'Implementation' target for IP 'ila_0'...
INFO: [IP_Flow 19-1686] Generating 'Change Log' target for IP 'ila_0'...
catch { config_ip_cache -export [get_ips -all ila_0] }
export_ip_user_files -of_objects [get_files /home/shpark/project_class4/project_class4.srcs/sources_1/ip/ila_0/ila_0.xci] -no_script -sync -force -quiet
create_ip_run [get_files -of_objects [get_fileset sources_1] /home/shpark/project_class4/project_class4.srcs/sources_1/ip/ila_0/ila_0.xci]
launch_runs ila_0_synth_1 -jobs 12
WARNING: [filemgmt 56-199] Attempt to get parsing info during refresh. "On-the-fly" syntax checking information may be incorrect. [/home/shpark/project_class2/project_class2.srcs/sources_1/new/Ver_halfadder.v:]
WARNING: [filemgmt 56-199] Attempt to get parsing info during refresh. "On-the-fly" syntax checking information may be incorrect. [/home/shpark/project_class4/project_class4.srcs/sources_1/new/Ver_counter.v:]
WARNING: [filemgmt 56-199] Attempt to get parsing info during refresh. "On-the-fly" syntax checking information may be incorrect. [/home/shpark/project_class2/project_class2.srcs/sources_1/new/Ver_halfadder.v:]
WARNING: [filemgmt 56-199] Attempt to get parsing info during refresh. "On-the-fly" syntax checking information may be incorrect. [/home/shpark/project_class2/project_class2.srcs/sources_1/new/Ver_halfadder.v:]
[Wed Sep 30 17:36:12 2026] Launched ila_0_synth_1...
Run output will be captured here: /home/shpark/project_class4/project_class4.runs/ila_0_synth_1/runme.log
WARNING: [filemgmt 56-199] Attempt to get parsing info during refresh. "On-the-fly" syntax checking information may be incorrect. [/home/shpark/project_class2/project_class2.srcs/sources_1/new/Ver_halfadder.v:]
WARNING: [filemgmt 56-199] Attempt to get parsing info during refresh. "On-the-fly" syntax checking information may be incorrect. [/home/shpark/project_class4/project_class4.srcs/sources_1/new/Ver_counter.v:]
WARNING: [filemgmt 56-199] Attempt to get parsing info during refresh. "On-the-fly" syntax checking information may be incorrect. [/home/shpark/project_class2/project_class2.srcs/sources_1/new/Ver_halfadder.v:]
WARNING: [filemgmt 56-199] Attempt to get parsing info during refresh. "On-the-fly" syntax checking information may be incorrect. [/home/shpark/project_class2/project_class2.srcs/sources_1/new/Ver_halfadder.v:]
WARNING: [filemgmt 56-199] Attempt to get parsing info during refresh. "On-the-fly" syntax checking information may be incorrect. [/home/shpark/project_class2/project_class2.srcs/sources_1/new/Ver_halfadder.v:]
WARNING: [filemgmt 56-199] Attempt to get parsing info during refresh. "On-the-fly" syntax checking information may be incorrect. [/home/shpark/project_class4/project_class4.srcs/sources_1/new/Ver_counter.v:]
WARNING: [filemgmt 56-199] Attempt to get parsing info during refresh. "On-the-fly" syntax checking information may be incorrect. [/home/shpark/project_class4/project_class4.srcs/sources_1/new/Ver_counter.v:]
WARNING: [filemgmt 56-199] Attempt to get parsing info during refresh. "On-the-fly" syntax checking information may be incorrect. [/home/shpark/project_class4/project_class4.srcs/sources_1/new/Ver_counter.v:]
export_simulation -lib_map_path [list {modelsim=/home/shpark/project_class4/project_class4.cache/compile_simlib/modelsim} {questa=/home/shpark/project_class4/project_class4.cache/compile_simlib/questa} {xcelium=/home/shpark/project_class4/project_class4.cache/compile_simlib/xcelium} {vcs=/home/shpark/project_class4/project_class4.cache/compile_simlib/vcs} {riviera=/home/shpark/project_class4/project_class4.cache/compile_simlib/riviera}] -of_objects [get_files /home/shpark/project_class4/project_class4.srcs/sources_1/ip/ila_0/ila_0.xci] -directory /home/shpark/project_class4/project_class4.ip_user_files/sim_scripts -ip_user_files_dir /home/shpark/project_class4/project_class4.ip_user_files -ipstatic_source_dir /home/shpark/project_class4/project_class4.ip_user_files/ipstatic -use_ip_compiled_libs -force -quiet
WARNING: [filemgmt 56-199] Attempt to get parsing info during refresh. "On-the-fly" syntax checking information may be incorrect. [/home/shpark/project_class2/project_class2.srcs/sources_1/new/Ver_halfadder.v:]
WARNING: [filemgmt 56-199] Attempt to get parsing info during refresh. "On-the-fly" syntax checking information may be incorrect. [/home/shpark/project_class4/project_class4.srcs/sources_1/new/Ver_counter.v:]
WARNING: [filemgmt 56-199] Attempt to get parsing info during refresh. "On-the-fly" syntax checking information may be incorrect. [/home/shpark/project_class4/project_class4.srcs/sources_1/new/Ver_counter.v:]
WARNING: [filemgmt 56-199] Attempt to get parsing info during refresh. "On-the-fly" syntax checking information may be incorrect. [/home/shpark/project_class4/project_class4.srcs/sources_1/new/Ver_counter.v:]
WARNING: [filemgmt 56-199] Attempt to get parsing info during refresh. "On-the-fly" syntax checking information may be incorrect. [/home/shpark/project_class2/project_class2.srcs/sources_1/new/Ver_halfadder.v:]
WARNING: [filemgmt 56-199] Attempt to get parsing info during refresh. "On-the-fly" syntax checking information may be incorrect. [/home/shpark/project_class4/project_class4.srcs/sources_1/new/Ver_counter.v:]
WARNING: [filemgmt 56-199] Attempt to get parsing info during refresh. "On-the-fly" syntax checking information may be incorrect. [/home/shpark/project_class4/project_class4.srcs/sources_1/new/Ver_counter.v:]
WARNING: [filemgmt 56-199] Attempt to get parsing info during refresh. "On-the-fly" syntax checking information may be incorrect. [/home/shpark/project_class4/project_class4.srcs/sources_1/new/Ver_counter.v:]
wait_on_run ila_0_synth_1
[Wed Sep 30 17:37:42 2026] Waiting for ila_0_synth_1 to finish...
[Wed Sep 30 17:37:47 2026] Waiting for ila_0_synth_1 to finish...
[Wed Sep 30 17:37:52 2026] Waiting for ila_0_synth_1 to finish...
[Wed Sep 30 17:37:57 2026] Waiting for ila_0_synth_1 to finish...

*** Running vivado
    with args -log ila_0.vds -m64 -product Vivado -mode batch -messageDb vivado.pb -notrace -source ila_0.tcl


****** Vivado v2025.2 (64-bit)
  **** SW Build 6299465 on Fri Nov 14 12:34:56 MST 2025
  **** IP Build 6300035 on Fri Nov 14 10:48:45 MST 2025
  **** SharedData Build 6298862 on Thu Nov 13 04:50:51 MST 2025
  **** Start of session at: Wed Sep 30 17:36:17 2026
    ** Copyright 1986-2022 Xilinx, Inc. All Rights Reserved.
    ** Copyright 2022-2025 Advanced Micro Devices, Inc. All Rights Reserved.

source ila_0.tcl -notrace
Command: synth_design -top ila_0 -part xc7a15ticpg236-1L -incremental_mode off -mode out_of_context
Starting synth_design
Attempting to get a license for feature 'Synthesis' and/or device 'xc7a15ti'
INFO: [Common 17-349] Got license for feature 'Synthesis' and/or device 'xc7a15ti'
INFO: [Device 21-403] Loading part xc7a15ticpg236-1L
INFO: [Synth 8-7079] Multithreading enabled for synth_design using a maximum of 7 processes.
INFO: [Synth 8-7078] Launching helper process for spawning children vivado processes
INFO: [Synth 8-7075] Helper process launched with PID 1184260
---------------------------------------------------------------------------------
Starting RTL Elaboration : Time (s): cpu = 00:00:11 ; elapsed = 00:00:12 . Memory (MB): peak = 2446.617 ; gain = 481.188 ; free physical = 17908 ; free virtual = 38960
---------------------------------------------------------------------------------
INFO: [Synth 8-11241] undeclared symbol 'tms_int', assumed default net type 'wire' [/home/shpark/project_class4/project_class4.gen/sources_1/ip/ila_0/hdl/verilog/xsdbm_v3_0_5_bs_core_ext.vh:30]
INFO: [Synth 8-11241] undeclared symbol 'runtest_int', assumed default net type 'wire' [/home/shpark/project_class4/project_class4.gen/sources_1/ip/ila_0/hdl/verilog/xsdbm_v3_0_5_bs_core_ext.vh:32]
INFO: [Synth 8-11241] undeclared symbol 'tms_int', assumed default net type 'wire' [/home/shpark/project_class4/project_class4.gen/sources_1/ip/ila_0/hdl/verilog/xsdbm_v3_0_5_bs_core_ext.vh:69]
INFO: [Synth 8-11241] undeclared symbol 'runtest_int', assumed default net type 'wire' [/home/shpark/project_class4/project_class4.gen/sources_1/ip/ila_0/hdl/verilog/xsdbm_v3_0_5_bs_core_ext.vh:71]
INFO: [Synth 8-11241] undeclared symbol 'tms_int', assumed default net type 'wire' [/home/shpark/project_class4/project_class4.gen/sources_1/ip/ila_0/hdl/verilog/xsdbm_v3_0_5_bs_core_ext.vh:109]
INFO: [Synth 8-11241] undeclared symbol 'runtest_int', assumed default net type 'wire' [/home/shpark/project_class4/project_class4.gen/sources_1/ip/ila_0/hdl/verilog/xsdbm_v3_0_5_bs_core_ext.vh:111]
INFO: [Synth 8-11241] undeclared symbol 'tms_int', assumed default net type 'wire' [/home/shpark/project_class4/project_class4.gen/sources_1/ip/ila_0/hdl/verilog/xsdbm_v3_0_5_bs_core_ext.vh:150]
INFO: [Synth 8-11241] undeclared symbol 'runtest_int', assumed default net type 'wire' [/home/shpark/project_class4/project_class4.gen/sources_1/ip/ila_0/hdl/verilog/xsdbm_v3_0_5_bs_core_ext.vh:152]
INFO: [Synth 8-11241] undeclared symbol 'tms_int', assumed default net type 'wire' [/home/shpark/project_class4/project_class4.gen/sources_1/ip/ila_0/hdl/verilog/xsdbm_v3_0_5_bs_core_ext.vh:192]
INFO: [Synth 8-11241] undeclared symbol 'runtest_int', assumed default net type 'wire' [/home/shpark/project_class4/project_class4.gen/sources_1/ip/ila_0/hdl/verilog/xsdbm_v3_0_5_bs_core_ext.vh:194]
INFO: [Synth 8-11241] undeclared symbol 'tms_int', assumed default net type 'wire' [/home/shpark/project_class4/project_class4.gen/sources_1/ip/ila_0/hdl/verilog/xsdbm_v3_0_5_bs_core_ext.vh:235]
INFO: [Synth 8-11241] undeclared symbol 'runtest_int', assumed default net type 'wire' [/home/shpark/project_class4/project_class4.gen/sources_1/ip/ila_0/hdl/verilog/xsdbm_v3_0_5_bs_core_ext.vh:237]
INFO: [Synth 8-11241] undeclared symbol 'tms_int', assumed default net type 'wire' [/home/shpark/project_class4/project_class4.gen/sources_1/ip/ila_0/hdl/verilog/xsdbm_v3_0_5_bs_core_ext.vh:279]
INFO: [Synth 8-11241] undeclared symbol 'runtest_int', assumed default net type 'wire' [/home/shpark/project_class4/project_class4.gen/sources_1/ip/ila_0/hdl/verilog/xsdbm_v3_0_5_bs_core_ext.vh:281]
INFO: [Synth 8-11241] undeclared symbol 'tms_int', assumed default net type 'wire' [/home/shpark/project_class4/project_class4.gen/sources_1/ip/ila_0/hdl/verilog/xsdbm_v3_0_5_bs_core_ext.vh:324]
INFO: [Synth 8-11241] undeclared symbol 'runtest_int', assumed default net type 'wire' [/home/shpark/project_class4/project_class4.gen/sources_1/ip/ila_0/hdl/verilog/xsdbm_v3_0_5_bs_core_ext.vh:326]
INFO: [Synth 8-11241] undeclared symbol 'tms_int', assumed default net type 'wire' [/home/shpark/project_class4/project_class4.gen/sources_1/ip/ila_0/hdl/verilog/xsdbm_v3_0_5_bs_core_ext.vh:370]
INFO: [Synth 8-11241] undeclared symbol 'runtest_int', assumed default net type 'wire' [/home/shpark/project_class4/project_class4.gen/sources_1/ip/ila_0/hdl/verilog/xsdbm_v3_0_5_bs_core_ext.vh:372]
INFO: [Synth 8-11241] undeclared symbol 'tms_int', assumed default net type 'wire' [/home/shpark/project_class4/project_class4.gen/sources_1/ip/ila_0/hdl/verilog/xsdbm_v3_0_5_bs_core_ext.vh:417]
INFO: [Synth 8-11241] undeclared symbol 'runtest_int', assumed default net type 'wire' [/home/shpark/project_class4/project_class4.gen/sources_1/ip/ila_0/hdl/verilog/xsdbm_v3_0_5_bs_core_ext.vh:419]
INFO: [Synth 8-11241] undeclared symbol 'tms_int', assumed default net type 'wire' [/home/shpark/project_class4/project_class4.gen/sources_1/ip/ila_0/hdl/verilog/xsdbm_v3_0_5_bs_core_ext.vh:465]
INFO: [Synth 8-11241] undeclared symbol 'runtest_int', assumed default net type 'wire' [/home/shpark/project_class4/project_class4.gen/sources_1/ip/ila_0/hdl/verilog/xsdbm_v3_0_5_bs_core_ext.vh:467]
INFO: [Synth 8-11241] undeclared symbol 'tms_int', assumed default net type 'wire' [/home/shpark/project_class4/project_class4.gen/sources_1/ip/ila_0/hdl/verilog/xsdbm_v3_0_5_bs_core_ext.vh:514]
INFO: [Synth 8-11241] undeclared symbol 'runtest_int', assumed default net type 'wire' [/home/shpark/project_class4/project_class4.gen/sources_1/ip/ila_0/hdl/verilog/xsdbm_v3_0_5_bs_core_ext.vh:516]
INFO: [Synth 8-11241] undeclared symbol 'tms_int', assumed default net type 'wire' [/home/shpark/project_class4/project_class4.gen/sources_1/ip/ila_0/hdl/verilog/xsdbm_v3_0_5_bs_core_ext.vh:564]
INFO: [Synth 8-11241] undeclared symbol 'runtest_int', assumed default net type 'wire' [/home/shpark/project_class4/project_class4.gen/sources_1/ip/ila_0/hdl/verilog/xsdbm_v3_0_5_bs_core_ext.vh:566]
INFO: [Synth 8-11241] undeclared symbol 'tms_int', assumed default net type 'wire' [/home/shpark/project_class4/project_class4.gen/sources_1/ip/ila_0/hdl/verilog/xsdbm_v3_0_5_bs_core_ext.vh:615]
INFO: [Synth 8-11241] undeclared symbol 'runtest_int', assumed default net type 'wire' [/home/shpark/project_class4/project_class4.gen/sources_1/ip/ila_0/hdl/verilog/xsdbm_v3_0_5_bs_core_ext.vh:617]
INFO: [Synth 8-11241] undeclared symbol 'tms_int', assumed default net type 'wire' [/home/shpark/project_class4/project_class4.gen/sources_1/ip/ila_0/hdl/verilog/xsdbm_v3_0_5_bs_core.vh:30]
INFO: [Synth 8-11241] undeclared symbol 'runtest_int', assumed default net type 'wire' [/home/shpark/project_class4/project_class4.gen/sources_1/ip/ila_0/hdl/verilog/xsdbm_v3_0_5_bs_core.vh:32]
INFO: [Synth 8-11241] undeclared symbol 'tms_int', assumed default net type 'wire' [/home/shpark/project_class4/project_class4.gen/sources_1/ip/ila_0/hdl/verilog/xsdbm_v3_0_5_bs_core.vh:69]
INFO: [Synth 8-11241] undeclared symbol 'runtest_int', assumed default net type 'wire' [/home/shpark/project_class4/project_class4.gen/sources_1/ip/ila_0/hdl/verilog/xsdbm_v3_0_5_bs_core.vh:71]
INFO: [Synth 8-11241] undeclared symbol 'tms_int', assumed default net type 'wire' [/home/shpark/project_class4/project_class4.gen/sources_1/ip/ila_0/hdl/verilog/xsdbm_v3_0_5_bs_core.vh:109]
INFO: [Synth 8-11241] undeclared symbol 'runtest_int', assumed default net type 'wire' [/home/shpark/project_class4/project_class4.gen/sources_1/ip/ila_0/hdl/verilog/xsdbm_v3_0_5_bs_core.vh:111]
INFO: [Synth 8-11241] undeclared symbol 'tms_int', assumed default net type 'wire' [/home/shpark/project_class4/project_class4.gen/sources_1/ip/ila_0/hdl/verilog/xsdbm_v3_0_5_bs_core.vh:150]
INFO: [Synth 8-11241] undeclared symbol 'runtest_int', assumed default net type 'wire' [/home/shpark/project_class4/project_class4.gen/sources_1/ip/ila_0/hdl/verilog/xsdbm_v3_0_5_bs_core.vh:152]
INFO: [Synth 8-11241] undeclared symbol 'tms_int', assumed default net type 'wire' [/home/shpark/project_class4/project_class4.gen/sources_1/ip/ila_0/hdl/verilog/xsdbm_v3_0_5_bs_core.vh:192]
INFO: [Synth 8-11241] undeclared symbol 'runtest_int', assumed default net type 'wire' [/home/shpark/project_class4/project_class4.gen/sources_1/ip/ila_0/hdl/verilog/xsdbm_v3_0_5_bs_core.vh:194]
INFO: [Synth 8-11241] undeclared symbol 'tms_int', assumed default net type 'wire' [/home/shpark/project_class4/project_class4.gen/sources_1/ip/ila_0/hdl/verilog/xsdbm_v3_0_5_bs_core.vh:235]
INFO: [Synth 8-11241] undeclared symbol 'runtest_int', assumed default net type 'wire' [/home/shpark/project_class4/project_class4.gen/sources_1/ip/ila_0/hdl/verilog/xsdbm_v3_0_5_bs_core.vh:237]
INFO: [Synth 8-11241] undeclared symbol 'tms_int', assumed default net type 'wire' [/home/shpark/project_class4/project_class4.gen/sources_1/ip/ila_0/hdl/verilog/xsdbm_v3_0_5_bs_core.vh:279]
INFO: [Synth 8-11241] undeclared symbol 'runtest_int', assumed default net type 'wire' [/home/shpark/project_class4/project_class4.gen/sources_1/ip/ila_0/hdl/verilog/xsdbm_v3_0_5_bs_core.vh:281]
INFO: [Synth 8-11241] undeclared symbol 'tms_int', assumed default net type 'wire' [/home/shpark/project_class4/project_class4.gen/sources_1/ip/ila_0/hdl/verilog/xsdbm_v3_0_5_bs_core.vh:324]
INFO: [Synth 8-11241] undeclared symbol 'runtest_int', assumed default net type 'wire' [/home/shpark/project_class4/project_class4.gen/sources_1/ip/ila_0/hdl/verilog/xsdbm_v3_0_5_bs_core.vh:326]
INFO: [Synth 8-11241] undeclared symbol 'tms_int', assumed default net type 'wire' [/home/shpark/project_class4/project_class4.gen/sources_1/ip/ila_0/hdl/verilog/xsdbm_v3_0_5_bs_core.vh:370]
INFO: [Synth 8-11241] undeclared symbol 'runtest_int', assumed default net type 'wire' [/home/shpark/project_class4/project_class4.gen/sources_1/ip/ila_0/hdl/verilog/xsdbm_v3_0_5_bs_core.vh:372]
INFO: [Synth 8-11241] undeclared symbol 'tms_int', assumed default net type 'wire' [/home/shpark/project_class4/project_class4.gen/sources_1/ip/ila_0/hdl/verilog/xsdbm_v3_0_5_bs_core.vh:417]
INFO: [Synth 8-11241] undeclared symbol 'runtest_int', assumed default net type 'wire' [/home/shpark/project_class4/project_class4.gen/sources_1/ip/ila_0/hdl/verilog/xsdbm_v3_0_5_bs_core.vh:419]
INFO: [Synth 8-11241] undeclared symbol 'tms_int', assumed default net type 'wire' [/home/shpark/project_class4/project_class4.gen/sources_1/ip/ila_0/hdl/verilog/xsdbm_v3_0_5_bs_core.vh:465]
INFO: [Synth 8-11241] undeclared symbol 'runtest_int', assumed default net type 'wire' [/home/shpark/project_class4/project_class4.gen/sources_1/ip/ila_0/hdl/verilog/xsdbm_v3_0_5_bs_core.vh:467]
INFO: [Synth 8-11241] undeclared symbol 'tms_int', assumed default net type 'wire' [/home/shpark/project_class4/project_class4.gen/sources_1/ip/ila_0/hdl/verilog/xsdbm_v3_0_5_bs_core.vh:514]
INFO: [Synth 8-11241] undeclared symbol 'runtest_int', assumed default net type 'wire' [/home/shpark/project_class4/project_class4.gen/sources_1/ip/ila_0/hdl/verilog/xsdbm_v3_0_5_bs_core.vh:516]
INFO: [Synth 8-11241] undeclared symbol 'tms_int', assumed default net type 'wire' [/home/shpark/project_class4/project_class4.gen/sources_1/ip/ila_0/hdl/verilog/xsdbm_v3_0_5_bs_core.vh:564]
INFO: [Synth 8-11241] undeclared symbol 'runtest_int', assumed default net type 'wire' [/home/shpark/project_class4/project_class4.gen/sources_1/ip/ila_0/hdl/verilog/xsdbm_v3_0_5_bs_core.vh:566]
INFO: [Synth 8-11241] undeclared symbol 'tms_int', assumed default net type 'wire' [/home/shpark/project_class4/project_class4.gen/sources_1/ip/ila_0/hdl/verilog/xsdbm_v3_0_5_bs_core.vh:615]
INFO: [Synth 8-11241] undeclared symbol 'runtest_int', assumed default net type 'wire' [/home/shpark/project_class4/project_class4.gen/sources_1/ip/ila_0/hdl/verilog/xsdbm_v3_0_5_bs_core.vh:617]
INFO: [Synth 8-11241] undeclared symbol 'tms_int', assumed default net type 'wire' [/home/shpark/project_class4/project_class4.gen/sources_1/ip/ila_0/hdl/verilog/xsdbm_v3_0_5_bs_core_vec.vh:30]
INFO: [Synth 8-11241] undeclared symbol 'runtest_int', assumed default net type 'wire' [/home/shpark/project_class4/project_class4.gen/sources_1/ip/ila_0/hdl/verilog/xsdbm_v3_0_5_bs_core_vec.vh:32]
INFO: [Synth 8-11241] undeclared symbol 'tms_int', assumed default net type 'wire' [/home/shpark/project_class4/project_class4.gen/sources_1/ip/ila_0/hdl/verilog/xsdbm_v3_0_5_bs_core_vec.vh:65]
INFO: [Synth 8-11241] undeclared symbol 'runtest_int', assumed default net type 'wire' [/home/shpark/project_class4/project_class4.gen/sources_1/ip/ila_0/hdl/verilog/xsdbm_v3_0_5_bs_core_vec.vh:67]
INFO: [Synth 8-11241] undeclared symbol 'tms_int', assumed default net type 'wire' [/home/shpark/project_class4/project_class4.gen/sources_1/ip/ila_0/hdl/verilog/xsdbm_v3_0_5_bs_core_vec.vh:100]
INFO: [Synth 8-11241] undeclared symbol 'runtest_int', assumed default net type 'wire' [/home/shpark/project_class4/project_class4.gen/sources_1/ip/ila_0/hdl/verilog/xsdbm_v3_0_5_bs_core_vec.vh:102]
INFO: [Synth 8-11241] undeclared symbol 'tms_int', assumed default net type 'wire' [/home/shpark/project_class4/project_class4.gen/sources_1/ip/ila_0/hdl/verilog/xsdbm_v3_0_5_bs_core_vec.vh:135]
INFO: [Synth 8-11241] undeclared symbol 'runtest_int', assumed default net type 'wire' [/home/shpark/project_class4/project_class4.gen/sources_1/ip/ila_0/hdl/verilog/xsdbm_v3_0_5_bs_core_vec.vh:137]
INFO: [Synth 8-11241] undeclared symbol 'tms_int', assumed default net type 'wire' [/home/shpark/project_class4/project_class4.gen/sources_1/ip/ila_0/hdl/verilog/xsdbm_v3_0_5_bs_core_vec.vh:170]
INFO: [Synth 8-11241] undeclared symbol 'runtest_int', assumed default net type 'wire' [/home/shpark/project_class4/project_class4.gen/sources_1/ip/ila_0/hdl/verilog/xsdbm_v3_0_5_bs_core_vec.vh:172]
INFO: [Synth 8-11241] undeclared symbol 'tms_int', assumed default net type 'wire' [/home/shpark/project_class4/project_class4.gen/sources_1/ip/ila_0/hdl/verilog/xsdbm_v3_0_5_bs_core_vec.vh:205]
INFO: [Synth 8-11241] undeclared symbol 'runtest_int', assumed default net type 'wire' [/home/shpark/project_class4/project_class4.gen/sources_1/ip/ila_0/hdl/verilog/xsdbm_v3_0_5_bs_core_vec.vh:207]
INFO: [Synth 8-11241] undeclared symbol 'tms_int', assumed default net type 'wire' [/home/shpark/project_class4/project_class4.gen/sources_1/ip/ila_0/hdl/verilog/xsdbm_v3_0_5_bs_core_vec.vh:240]
INFO: [Synth 8-11241] undeclared symbol 'runtest_int', assumed default net type 'wire' [/home/shpark/project_class4/project_class4.gen/sources_1/ip/ila_0/hdl/verilog/xsdbm_v3_0_5_bs_core_vec.vh:242]
INFO: [Synth 8-11241] undeclared symbol 'tms_int', assumed default net type 'wire' [/home/shpark/project_class4/project_class4.gen/sources_1/ip/ila_0/hdl/verilog/xsdbm_v3_0_5_bs_core_vec.vh:275]
INFO: [Synth 8-11241] undeclared symbol 'runtest_int', assumed default net type 'wire' [/home/shpark/project_class4/project_class4.gen/sources_1/ip/ila_0/hdl/verilog/xsdbm_v3_0_5_bs_core_vec.vh:277]
INFO: [Synth 8-11241] undeclared symbol 'tms_int', assumed default net type 'wire' [/home/shpark/project_class4/project_class4.gen/sources_1/ip/ila_0/hdl/verilog/xsdbm_v3_0_5_bs_core_vec.vh:310]
INFO: [Synth 8-11241] undeclared symbol 'runtest_int', assumed default net type 'wire' [/home/shpark/project_class4/project_class4.gen/sources_1/ip/ila_0/hdl/verilog/xsdbm_v3_0_5_bs_core_vec.vh:312]
INFO: [Synth 8-11241] undeclared symbol 'tms_int', assumed default net type 'wire' [/home/shpark/project_class4/project_class4.gen/sources_1/ip/ila_0/hdl/verilog/xsdbm_v3_0_5_bs_core_vec.vh:345]
INFO: [Synth 8-11241] undeclared symbol 'runtest_int', assumed default net type 'wire' [/home/shpark/project_class4/project_class4.gen/sources_1/ip/ila_0/hdl/verilog/xsdbm_v3_0_5_bs_core_vec.vh:347]
INFO: [Synth 8-11241] undeclared symbol 'tms_int', assumed default net type 'wire' [/home/shpark/project_class4/project_class4.gen/sources_1/ip/ila_0/hdl/verilog/xsdbm_v3_0_5_bs_core_vec.vh:380]
INFO: [Synth 8-11241] undeclared symbol 'runtest_int', assumed default net type 'wire' [/home/shpark/project_class4/project_class4.gen/sources_1/ip/ila_0/hdl/verilog/xsdbm_v3_0_5_bs_core_vec.vh:382]
INFO: [Synth 8-11241] undeclared symbol 'tms_int', assumed default net type 'wire' [/home/shpark/project_class4/project_class4.gen/sources_1/ip/ila_0/hdl/verilog/xsdbm_v3_0_5_bs_core_vec.vh:415]
INFO: [Synth 8-11241] undeclared symbol 'runtest_int', assumed default net type 'wire' [/home/shpark/project_class4/project_class4.gen/sources_1/ip/ila_0/hdl/verilog/xsdbm_v3_0_5_bs_core_vec.vh:417]
INFO: [Synth 8-11241] undeclared symbol 'tms_int', assumed default net type 'wire' [/home/shpark/project_class4/project_class4.gen/sources_1/ip/ila_0/hdl/verilog/xsdbm_v3_0_5_bs_core_vec.vh:450]
INFO: [Synth 8-11241] undeclared symbol 'runtest_int', assumed default net type 'wire' [/home/shpark/project_class4/project_class4.gen/sources_1/ip/ila_0/hdl/verilog/xsdbm_v3_0_5_bs_core_vec.vh:452]
INFO: [Synth 8-11241] undeclared symbol 'tms_int', assumed default net type 'wire' [/home/shpark/project_class4/project_class4.gen/sources_1/ip/ila_0/hdl/verilog/xsdbm_v3_0_5_bs_core_vec.vh:485]
INFO: [Synth 8-11241] undeclared symbol 'runtest_int', assumed default net type 'wire' [/home/shpark/project_class4/project_class4.gen/sources_1/ip/ila_0/hdl/verilog/xsdbm_v3_0_5_bs_core_vec.vh:487]
INFO: [Synth 8-11241] undeclared symbol 'tms_int', assumed default net type 'wire' [/home/shpark/project_class4/project_class4.gen/sources_1/ip/ila_0/hdl/verilog/xsdbm_v3_0_5_bs_core_vec.vh:30]
INFO: [Synth 8-11241] undeclared symbol 'runtest_int', assumed default net type 'wire' [/home/shpark/project_class4/project_class4.gen/sources_1/ip/ila_0/hdl/verilog/xsdbm_v3_0_5_bs_core_vec.vh:32]
INFO: [Synth 8-11241] undeclared symbol 'tms_int', assumed default net type 'wire' [/home/shpark/project_class4/project_class4.gen/sources_1/ip/ila_0/hdl/verilog/xsdbm_v3_0_5_bs_core_vec.vh:65]
INFO: [Synth 8-11241] undeclared symbol 'runtest_int', assumed default net type 'wire' [/home/shpark/project_class4/project_class4.gen/sources_1/ip/ila_0/hdl/verilog/xsdbm_v3_0_5_bs_core_vec.vh:67]
INFO: [Synth 8-11241] undeclared symbol 'tms_int', assumed default net type 'wire' [/home/shpark/project_class4/project_class4.gen/sources_1/ip/ila_0/hdl/verilog/xsdbm_v3_0_5_bs_core_vec.vh:100]
INFO: [Synth 8-11241] undeclared symbol 'runtest_int', assumed default net type 'wire' [/home/shpark/project_class4/project_class4.gen/sources_1/ip/ila_0/hdl/verilog/xsdbm_v3_0_5_bs_core_vec.vh:102]
INFO: [Synth 8-11241] undeclared symbol 'tms_int', assumed default net type 'wire' [/home/shpark/project_class4/project_class4.gen/sources_1/ip/ila_0/hdl/verilog/xsdbm_v3_0_5_bs_core_vec.vh:135]
INFO: [Synth 8-11241] undeclared symbol 'runtest_int', assumed default net type 'wire' [/home/shpark/project_class4/project_class4.gen/sources_1/ip/ila_0/hdl/verilog/xsdbm_v3_0_5_bs_core_vec.vh:137]
INFO: [Synth 8-11241] undeclared symbol 'tms_int', assumed default net type 'wire' [/home/shpark/project_class4/project_class4.gen/sources_1/ip/ila_0/hdl/verilog/xsdbm_v3_0_5_bs_core_vec.vh:170]
INFO: [Synth 8-11241] undeclared symbol 'runtest_int', assumed default net type 'wire' [/home/shpark/project_class4/project_class4.gen/sources_1/ip/ila_0/hdl/verilog/xsdbm_v3_0_5_bs_core_vec.vh:172]
INFO: [Synth 8-11241] undeclared symbol 'tms_int', assumed default net type 'wire' [/home/shpark/project_class4/project_class4.gen/sources_1/ip/ila_0/hdl/verilog/xsdbm_v3_0_5_bs_core_vec.vh:205]
INFO: [Synth 8-11241] undeclared symbol 'runtest_int', assumed default net type 'wire' [/home/shpark/project_class4/project_class4.gen/sources_1/ip/ila_0/hdl/verilog/xsdbm_v3_0_5_bs_core_vec.vh:207]
INFO: [Synth 8-11241] undeclared symbol 'tms_int', assumed default net type 'wire' [/home/shpark/project_class4/project_class4.gen/sources_1/ip/ila_0/hdl/verilog/xsdbm_v3_0_5_bs_core_vec.vh:240]
INFO: [Synth 8-11241] undeclared symbol 'runtest_int', assumed default net type 'wire' [/home/shpark/project_class4/project_class4.gen/sources_1/ip/ila_0/hdl/verilog/xsdbm_v3_0_5_bs_core_vec.vh:242]
INFO: [Synth 8-11241] undeclared symbol 'tms_int', assumed default net type 'wire' [/home/shpark/project_class4/project_class4.gen/sources_1/ip/ila_0/hdl/verilog/xsdbm_v3_0_5_bs_core_vec.vh:275]
INFO: [Synth 8-11241] undeclared symbol 'runtest_int', assumed default net type 'wire' [/home/shpark/project_class4/project_class4.gen/sources_1/ip/ila_0/hdl/verilog/xsdbm_v3_0_5_bs_core_vec.vh:277]
INFO: [Common 17-14] Message 'Synth 8-11241' appears 100 times and further instances of the messages will be disabled. Use the Tcl command set_msg_config to change the current settings.
INFO: [Synth 8-6157] synthesizing module 'ila_0' [/home/shpark/project_class4/project_class4.gen/sources_1/ip/ila_0/synth/ila_0.v:48]
INFO: [Synth 8-6157] synthesizing module 'CFGLUT5' [/opt/Xilinx/2025.2/Vivado/scripts/rt/data/unisim_comp.v:3131]
INFO: [Synth 8-6155] done synthesizing module 'CFGLUT5' (0#1) [/opt/Xilinx/2025.2/Vivado/scripts/rt/data/unisim_comp.v:3131]
INFO: [Synth 8-6157] synthesizing module 'CARRY4' [/opt/Xilinx/2025.2/Vivado/scripts/rt/data/unisim_comp.v:3094]
INFO: [Synth 8-6155] done synthesizing module 'CARRY4' (0#1) [/opt/Xilinx/2025.2/Vivado/scripts/rt/data/unisim_comp.v:3094]
INFO: [Synth 8-6157] synthesizing module 'SRLC32E' [/opt/Xilinx/2025.2/Vivado/scripts/rt/data/unisim_comp.v:165484]
INFO: [Synth 8-6155] done synthesizing module 'SRLC32E' (0#1) [/opt/Xilinx/2025.2/Vivado/scripts/rt/data/unisim_comp.v:165484]
INFO: [Synth 8-6157] synthesizing module 'SRL16E' [/opt/Xilinx/2025.2/Vivado/scripts/rt/data/unisim_comp.v:165334]
INFO: [Synth 8-6155] done synthesizing module 'SRL16E' (0#1) [/opt/Xilinx/2025.2/Vivado/scripts/rt/data/unisim_comp.v:165334]
INFO: [Synth 8-6157] synthesizing module 'SRLC16E' [/opt/Xilinx/2025.2/Vivado/scripts/rt/data/unisim_comp.v:165423]
INFO: [Synth 8-6155] done synthesizing module 'SRLC16E' (0#1) [/opt/Xilinx/2025.2/Vivado/scripts/rt/data/unisim_comp.v:165423]
INFO: [Synth 8-6157] synthesizing module 'FDRE' [/opt/Xilinx/2025.2/Vivado/scripts/rt/data/unisim_comp.v:49396]
INFO: [Synth 8-6155] done synthesizing module 'FDRE' (0#1) [/opt/Xilinx/2025.2/Vivado/scripts/rt/data/unisim_comp.v:49396]
INFO: [Synth 8-7071] port 'clk_nobuf' of module 'ila_v6_2_19_ila' is unconnected for instance 'inst' [/home/shpark/project_class4/project_class4.gen/sources_1/ip/ila_0/synth/ila_0.v:3211]
INFO: [Synth 8-7071] port 'clkdiv_out' of module 'ila_v6_2_19_ila' is unconnected for instance 'inst' [/home/shpark/project_class4/project_class4.gen/sources_1/ip/ila_0/synth/ila_0.v:3211]
INFO: [Synth 8-7071] port 'trig_in' of module 'ila_v6_2_19_ila' is unconnected for instance 'inst' [/home/shpark/project_class4/project_class4.gen/sources_1/ip/ila_0/synth/ila_0.v:3211]
INFO: [Synth 8-7071] port 'trig_in_ack' of module 'ila_v6_2_19_ila' is unconnected for instance 'inst' [/home/shpark/project_class4/project_class4.gen/sources_1/ip/ila_0/synth/ila_0.v:3211]
INFO: [Synth 8-7071] port 'trig_out' of module 'ila_v6_2_19_ila' is unconnected for instance 'inst' [/home/shpark/project_class4/project_class4.gen/sources_1/ip/ila_0/synth/ila_0.v:3211]
INFO: [Synth 8-7071] port 'trig_out_ack' of module 'ila_v6_2_19_ila' is unconnected for instance 'inst' [/home/shpark/project_class4/project_class4.gen/sources_1/ip/ila_0/synth/ila_0.v:3211]
INFO: [Synth 8-7023] instance 'inst' of module 'ila_v6_2_19_ila' has 1033 connections declared, but only 1027 given [/home/shpark/project_class4/project_class4.gen/sources_1/ip/ila_0/synth/ila_0.v:3211]
INFO: [Synth 8-6155] done synthesizing module 'ila_0' (0#1) [/home/shpark/project_class4/project_class4.gen/sources_1/ip/ila_0/synth/ila_0.v:48]
INFO: [Synth 8-3848] Net sl_iport0 in module/entity ila_0 does not have driver. [/home/shpark/project_class4/project_class4.gen/sources_1/ip/ila_0/synth/ila_0.v:100]
INFO: [Synth 8-7129] Port SEL_I[0] in module ltlib_v1_0_3_generic_mux is either unconnected or has no load
INFO: [Synth 8-7129] Port CLKB in module blk_mem_gen_v8_4_12_blk_mem_output_block is either unconnected or has no load
INFO: [Synth 8-7129] Port DOUTA_I[2] in module blk_mem_gen_v8_4_12_blk_mem_output_block is either unconnected or has no load
INFO: [Synth 8-7129] Port DOUTA_I[1] in module blk_mem_gen_v8_4_12_blk_mem_output_block is either unconnected or has no load
INFO: [Synth 8-7129] Port DOUTA_I[0] in module blk_mem_gen_v8_4_12_blk_mem_output_block is either unconnected or has no load
INFO: [Synth 8-7129] Port SBITERR_I in module blk_mem_gen_v8_4_12_blk_mem_output_block is either unconnected or has no load
INFO: [Synth 8-7129] Port DBITERR_I in module blk_mem_gen_v8_4_12_blk_mem_output_block is either unconnected or has no load
INFO: [Synth 8-7129] Port RDADDRECC_I[9] in module blk_mem_gen_v8_4_12_blk_mem_output_block is either unconnected or has no load
INFO: [Synth 8-7129] Port RDADDRECC_I[8] in module blk_mem_gen_v8_4_12_blk_mem_output_block is either unconnected or has no load
INFO: [Synth 8-7129] Port RDADDRECC_I[7] in module blk_mem_gen_v8_4_12_blk_mem_output_block is either unconnected or has no load
INFO: [Synth 8-7129] Port RDADDRECC_I[6] in module blk_mem_gen_v8_4_12_blk_mem_output_block is either unconnected or has no load
INFO: [Synth 8-7129] Port RDADDRECC_I[5] in module blk_mem_gen_v8_4_12_blk_mem_output_block is either unconnected or has no load
INFO: [Synth 8-7129] Port RDADDRECC_I[4] in module blk_mem_gen_v8_4_12_blk_mem_output_block is either unconnected or has no load
INFO: [Synth 8-7129] Port RDADDRECC_I[3] in module blk_mem_gen_v8_4_12_blk_mem_output_block is either unconnected or has no load
INFO: [Synth 8-7129] Port RDADDRECC_I[2] in module blk_mem_gen_v8_4_12_blk_mem_output_block is either unconnected or has no load
INFO: [Synth 8-7129] Port RDADDRECC_I[1] in module blk_mem_gen_v8_4_12_blk_mem_output_block is either unconnected or has no load
INFO: [Synth 8-7129] Port RDADDRECC_I[0] in module blk_mem_gen_v8_4_12_blk_mem_output_block is either unconnected or has no load
INFO: [Synth 8-7129] Port DOUTA[17] in module blk_mem_gen_v8_4_12_blk_mem_gen_prim_wrapper is either unconnected or has no load
INFO: [Synth 8-7129] Port DOUTA[16] in module blk_mem_gen_v8_4_12_blk_mem_gen_prim_wrapper is either unconnected or has no load
INFO: [Synth 8-7129] Port DOUTA[15] in module blk_mem_gen_v8_4_12_blk_mem_gen_prim_wrapper is either unconnected or has no load
INFO: [Synth 8-7129] Port DOUTA[14] in module blk_mem_gen_v8_4_12_blk_mem_gen_prim_wrapper is either unconnected or has no load
INFO: [Synth 8-7129] Port DOUTA[13] in module blk_mem_gen_v8_4_12_blk_mem_gen_prim_wrapper is either unconnected or has no load
INFO: [Synth 8-7129] Port DOUTA[12] in module blk_mem_gen_v8_4_12_blk_mem_gen_prim_wrapper is either unconnected or has no load
INFO: [Synth 8-7129] Port DOUTA[11] in module blk_mem_gen_v8_4_12_blk_mem_gen_prim_wrapper is either unconnected or has no load
INFO: [Synth 8-7129] Port DOUTA[10] in module blk_mem_gen_v8_4_12_blk_mem_gen_prim_wrapper is either unconnected or has no load
INFO: [Synth 8-7129] Port DOUTA[9] in module blk_mem_gen_v8_4_12_blk_mem_gen_prim_wrapper is either unconnected or has no load
INFO: [Synth 8-7129] Port DOUTA[8] in module blk_mem_gen_v8_4_12_blk_mem_gen_prim_wrapper is either unconnected or has no load
INFO: [Synth 8-7129] Port DOUTA[7] in module blk_mem_gen_v8_4_12_blk_mem_gen_prim_wrapper is either unconnected or has no load
INFO: [Synth 8-7129] Port DOUTA[6] in module blk_mem_gen_v8_4_12_blk_mem_gen_prim_wrapper is either unconnected or has no load
INFO: [Synth 8-7129] Port DOUTA[5] in module blk_mem_gen_v8_4_12_blk_mem_gen_prim_wrapper is either unconnected or has no load
INFO: [Synth 8-7129] Port DOUTA[4] in module blk_mem_gen_v8_4_12_blk_mem_gen_prim_wrapper is either unconnected or has no load
INFO: [Synth 8-7129] Port DOUTA[3] in module blk_mem_gen_v8_4_12_blk_mem_gen_prim_wrapper is either unconnected or has no load
INFO: [Synth 8-7129] Port DOUTA[2] in module blk_mem_gen_v8_4_12_blk_mem_gen_prim_wrapper is either unconnected or has no load
INFO: [Synth 8-7129] Port DOUTA[1] in module blk_mem_gen_v8_4_12_blk_mem_gen_prim_wrapper is either unconnected or has no load
INFO: [Synth 8-7129] Port DOUTA[0] in module blk_mem_gen_v8_4_12_blk_mem_gen_prim_wrapper is either unconnected or has no load
INFO: [Synth 8-7129] Port SBITERR in module blk_mem_gen_v8_4_12_blk_mem_gen_prim_wrapper is either unconnected or has no load
INFO: [Synth 8-7129] Port DBITERR in module blk_mem_gen_v8_4_12_blk_mem_gen_prim_wrapper is either unconnected or has no load
INFO: [Synth 8-7129] Port SSRA in module blk_mem_gen_v8_4_12_blk_mem_gen_prim_wrapper is either unconnected or has no load
INFO: [Synth 8-7129] Port REGCEA in module blk_mem_gen_v8_4_12_blk_mem_gen_prim_wrapper is either unconnected or has no load
INFO: [Synth 8-7129] Port SSRB in module blk_mem_gen_v8_4_12_blk_mem_gen_prim_wrapper is either unconnected or has no load
INFO: [Synth 8-7129] Port WEB[0] in module blk_mem_gen_v8_4_12_blk_mem_gen_prim_wrapper is either unconnected or has no load
INFO: [Synth 8-7129] Port DINB[17] in module blk_mem_gen_v8_4_12_blk_mem_gen_prim_wrapper is either unconnected or has no load
INFO: [Synth 8-7129] Port DINB[16] in module blk_mem_gen_v8_4_12_blk_mem_gen_prim_wrapper is either unconnected or has no load
INFO: [Synth 8-7129] Port DINB[15] in module blk_mem_gen_v8_4_12_blk_mem_gen_prim_wrapper is either unconnected or has no load
INFO: [Synth 8-7129] Port DINB[14] in module blk_mem_gen_v8_4_12_blk_mem_gen_prim_wrapper is either unconnected or has no load
INFO: [Synth 8-7129] Port DINB[13] in module blk_mem_gen_v8_4_12_blk_mem_gen_prim_wrapper is either unconnected or has no load
INFO: [Synth 8-7129] Port DINB[12] in module blk_mem_gen_v8_4_12_blk_mem_gen_prim_wrapper is either unconnected or has no load
INFO: [Synth 8-7129] Port DINB[11] in module blk_mem_gen_v8_4_12_blk_mem_gen_prim_wrapper is either unconnected or has no load
INFO: [Synth 8-7129] Port DINB[10] in module blk_mem_gen_v8_4_12_blk_mem_gen_prim_wrapper is either unconnected or has no load
INFO: [Synth 8-7129] Port DINB[9] in module blk_mem_gen_v8_4_12_blk_mem_gen_prim_wrapper is either unconnected or has no load
INFO: [Synth 8-7129] Port DINB[8] in module blk_mem_gen_v8_4_12_blk_mem_gen_prim_wrapper is either unconnected or has no load
INFO: [Synth 8-7129] Port DINB[7] in module blk_mem_gen_v8_4_12_blk_mem_gen_prim_wrapper is either unconnected or has no load
INFO: [Synth 8-7129] Port DINB[6] in module blk_mem_gen_v8_4_12_blk_mem_gen_prim_wrapper is either unconnected or has no load
INFO: [Synth 8-7129] Port DINB[5] in module blk_mem_gen_v8_4_12_blk_mem_gen_prim_wrapper is either unconnected or has no load
INFO: [Synth 8-7129] Port DINB[4] in module blk_mem_gen_v8_4_12_blk_mem_gen_prim_wrapper is either unconnected or has no load
INFO: [Synth 8-7129] Port DINB[3] in module blk_mem_gen_v8_4_12_blk_mem_gen_prim_wrapper is either unconnected or has no load
INFO: [Synth 8-7129] Port DINB[2] in module blk_mem_gen_v8_4_12_blk_mem_gen_prim_wrapper is either unconnected or has no load
INFO: [Synth 8-7129] Port DINB[1] in module blk_mem_gen_v8_4_12_blk_mem_gen_prim_wrapper is either unconnected or has no load
INFO: [Synth 8-7129] Port DINB[0] in module blk_mem_gen_v8_4_12_blk_mem_gen_prim_wrapper is either unconnected or has no load
INFO: [Synth 8-7129] Port SLEEP in module blk_mem_gen_v8_4_12_blk_mem_gen_prim_wrapper is either unconnected or has no load
INFO: [Synth 8-7129] Port INJECTSBITERR in module blk_mem_gen_v8_4_12_blk_mem_gen_prim_wrapper is either unconnected or has no load
INFO: [Synth 8-7129] Port INJECTDBITERR in module blk_mem_gen_v8_4_12_blk_mem_gen_prim_wrapper is either unconnected or has no load
INFO: [Synth 8-7129] Port ECCPIPECE in module blk_mem_gen_v8_4_12_blk_mem_gen_prim_wrapper is either unconnected or has no load
INFO: [Synth 8-7129] Port RSTA[0] in module blk_mem_gen_v8_4_12_blk_mem_gen_generic_cstr is either unconnected or has no load
INFO: [Synth 8-7129] Port RSTB[0] in module blk_mem_gen_v8_4_12_blk_mem_gen_generic_cstr is either unconnected or has no load
INFO: [Synth 8-7129] Port INJECTSBITERR in module blk_mem_gen_v8_4_12_blk_mem_gen_generic_cstr is either unconnected or has no load
INFO: [Synth 8-7129] Port INJECTDBITERR in module blk_mem_gen_v8_4_12_blk_mem_gen_generic_cstr is either unconnected or has no load
INFO: [Synth 8-7129] Port RSTA in module blk_mem_gen_v8_4_12_blk_mem_input_block is either unconnected or has no load
INFO: [Synth 8-7129] Port ENA in module blk_mem_gen_v8_4_12_blk_mem_input_block is either unconnected or has no load
INFO: [Synth 8-7129] Port REGCEA in module blk_mem_gen_v8_4_12_blk_mem_input_block is either unconnected or has no load
INFO: [Synth 8-7129] Port RSTB in module blk_mem_gen_v8_4_12_blk_mem_input_block is either unconnected or has no load
INFO: [Synth 8-7129] Port REGCEB in module blk_mem_gen_v8_4_12_blk_mem_input_block is either unconnected or has no load
INFO: [Synth 8-7129] Port WEB[0] in module blk_mem_gen_v8_4_12_blk_mem_input_block is either unconnected or has no load
INFO: [Synth 8-7129] Port DINB[2] in module blk_mem_gen_v8_4_12_blk_mem_input_block is either unconnected or has no load
INFO: [Synth 8-7129] Port DINB[1] in module blk_mem_gen_v8_4_12_blk_mem_input_block is either unconnected or has no load
INFO: [Synth 8-7129] Port DINB[0] in module blk_mem_gen_v8_4_12_blk_mem_input_block is either unconnected or has no load
INFO: [Synth 8-7129] Port INJECTDBITERR in module blk_mem_gen_v8_4_12_blk_mem_input_block is either unconnected or has no load
INFO: [Synth 8-7129] Port INJECTSBITERR in module blk_mem_gen_v8_4_12_blk_mem_input_block is either unconnected or has no load
INFO: [Synth 8-7129] Port S_AClk in module blk_mem_gen_v8_4_12_synth is either unconnected or has no load
INFO: [Synth 8-7129] Port S_ARESETN in module blk_mem_gen_v8_4_12_synth is either unconnected or has no load
INFO: [Synth 8-7129] Port S_AXI_AWID[3] in module blk_mem_gen_v8_4_12_synth is either unconnected or has no load
INFO: [Synth 8-7129] Port S_AXI_AWID[2] in module blk_mem_gen_v8_4_12_synth is either unconnected or has no load
INFO: [Synth 8-7129] Port S_AXI_AWID[1] in module blk_mem_gen_v8_4_12_synth is either unconnected or has no load
INFO: [Synth 8-7129] Port S_AXI_AWID[0] in module blk_mem_gen_v8_4_12_synth is either unconnected or has no load
INFO: [Synth 8-7129] Port S_AXI_AWADDR[31] in module blk_mem_gen_v8_4_12_synth is either unconnected or has no load
INFO: [Synth 8-7129] Port S_AXI_AWADDR[30] in module blk_mem_gen_v8_4_12_synth is either unconnected or has no load
INFO: [Synth 8-7129] Port S_AXI_AWADDR[29] in module blk_mem_gen_v8_4_12_synth is either unconnected or has no load
INFO: [Synth 8-7129] Port S_AXI_AWADDR[28] in module blk_mem_gen_v8_4_12_synth is either unconnected or has no load
INFO: [Synth 8-7129] Port S_AXI_AWADDR[27] in module blk_mem_gen_v8_4_12_synth is either unconnected or has no load
INFO: [Synth 8-7129] Port S_AXI_AWADDR[26] in module blk_mem_gen_v8_4_12_synth is either unconnected or has no load
INFO: [Synth 8-7129] Port S_AXI_AWADDR[25] in module blk_mem_gen_v8_4_12_synth is either unconnected or has no load
INFO: [Synth 8-7129] Port S_AXI_AWADDR[24] in module blk_mem_gen_v8_4_12_synth is either unconnected or has no load
INFO: [Synth 8-7129] Port S_AXI_AWADDR[23] in module blk_mem_gen_v8_4_12_synth is either unconnected or has no load
INFO: [Synth 8-7129] Port S_AXI_AWADDR[22] in module blk_mem_gen_v8_4_12_synth is either unconnected or has no load
INFO: [Synth 8-7129] Port S_AXI_AWADDR[21] in module blk_mem_gen_v8_4_12_synth is either unconnected or has no load
INFO: [Synth 8-7129] Port S_AXI_AWADDR[20] in module blk_mem_gen_v8_4_12_synth is either unconnected or has no load
INFO: [Synth 8-7129] Port S_AXI_AWADDR[19] in module blk_mem_gen_v8_4_12_synth is either unconnected or has no load
INFO: [Synth 8-7129] Port S_AXI_AWADDR[18] in module blk_mem_gen_v8_4_12_synth is either unconnected or has no load
INFO: [Synth 8-7129] Port S_AXI_AWADDR[17] in module blk_mem_gen_v8_4_12_synth is either unconnected or has no load
INFO: [Synth 8-7129] Port S_AXI_AWADDR[16] in module blk_mem_gen_v8_4_12_synth is either unconnected or has no load
INFO: [Common 17-14] Message 'Synth 8-7129' appears 100 times and further instances of the messages will be disabled. Use the Tcl command set_msg_config to change the current settings.
---------------------------------------------------------------------------------
Finished RTL Elaboration : Time (s): cpu = 00:00:39 ; elapsed = 00:00:42 . Memory (MB): peak = 2896.062 ; gain = 930.633 ; free physical = 17595 ; free virtual = 38648
---------------------------------------------------------------------------------
---------------------------------------------------------------------------------
Start Handling Custom Attributes
---------------------------------------------------------------------------------
---------------------------------------------------------------------------------
Finished Handling Custom Attributes : Time (s): cpu = 00:00:39 ; elapsed = 00:00:42 . Memory (MB): peak = 2896.062 ; gain = 930.633 ; free physical = 17594 ; free virtual = 38647
---------------------------------------------------------------------------------
---------------------------------------------------------------------------------
Finished RTL Optimization Phase 1 : Time (s): cpu = 00:00:39 ; elapsed = 00:00:42 . Memory (MB): peak = 2896.062 ; gain = 930.633 ; free physical = 17594 ; free virtual = 38647
---------------------------------------------------------------------------------
Netlist sorting complete. Time (s): cpu = 00:00:00.07 ; elapsed = 00:00:00.06 . Memory (MB): peak = 2896.062 ; gain = 0.000 ; free physical = 17582 ; free virtual = 38635
INFO: [Netlist 29-17] Analyzing 58 Unisim elements for replacement
INFO: [Netlist 29-28] Unisim Transformation completed in 0 CPU seconds
INFO: [Project 1-570] Preparing netlist for logic optimization

Processing XDC Constraints
Initializing timing engine
Parsing XDC File [/home/shpark/project_class4/project_class4.gen/sources_1/ip/ila_0/ila_0_ooc.xdc] for cell 'inst'
Finished Parsing XDC File [/home/shpark/project_class4/project_class4.gen/sources_1/ip/ila_0/ila_0_ooc.xdc] for cell 'inst'
Parsing XDC File [/home/shpark/project_class4/project_class4.gen/sources_1/ip/ila_0/ila_v6_2/constraints/ila.xdc] for cell 'inst'
Finished Parsing XDC File [/home/shpark/project_class4/project_class4.gen/sources_1/ip/ila_0/ila_v6_2/constraints/ila.xdc] for cell 'inst'
INFO: [Project 1-236] Implementation specific constraints were found while reading constraint file [/home/shpark/project_class4/project_class4.gen/sources_1/ip/ila_0/ila_v6_2/constraints/ila.xdc]. These constraints will be ignored for synthesis but will be used in implementation. Impacted constraints are listed in the file [.Xil/ila_0_propImpl.xdc].
Resolution: To avoid this warning, move constraints listed in [.Xil/ila_0_propImpl.xdc] to another XDC file and exclude this new file from synthesis with the used_in_synthesis property (File Properties dialog in GUI) and re-run elaboration/synthesis.
Parsing XDC File [/home/shpark/project_class4/project_class4.runs/ila_0_synth_1/dont_touch.xdc]
Finished Parsing XDC File [/home/shpark/project_class4/project_class4.runs/ila_0_synth_1/dont_touch.xdc]
Completed Processing XDC Constraints

Netlist sorting complete. Time (s): cpu = 00:00:00 ; elapsed = 00:00:00 . Memory (MB): peak = 2936.082 ; gain = 0.000 ; free physical = 17576 ; free virtual = 38629
INFO: [Project 1-111] Unisim Transformation Summary:
  A total of 42 instances were transformed.
  CFGLUT5 => CFGLUT5 (SRL16E, SRLC32E): 36 instances
  CFGLUT5 => SRLC32E: 6 instances

Constraint Validation Runtime : Time (s): cpu = 00:00:00.12 ; elapsed = 00:00:00.08 . Memory (MB): peak = 2936.117 ; gain = 0.000 ; free physical = 17574 ; free virtual = 38627
INFO: [Designutils 20-5008] Incremental synthesis strategy off
---------------------------------------------------------------------------------
Finished Constraint Validation : Time (s): cpu = 00:00:51 ; elapsed = 00:00:54 . Memory (MB): peak = 2936.117 ; gain = 970.688 ; free physical = 17598 ; free virtual = 38651
---------------------------------------------------------------------------------
---------------------------------------------------------------------------------
Start Loading Part and Timing Information
---------------------------------------------------------------------------------
Loading part: xc7a15ticpg236-1L
---------------------------------------------------------------------------------
Finished Loading Part and Timing Information : Time (s): cpu = 00:00:51 ; elapsed = 00:00:54 . Memory (MB): peak = 2944.086 ; gain = 978.656 ; free physical = 17598 ; free virtual = 38651
---------------------------------------------------------------------------------
---------------------------------------------------------------------------------
Start Applying 'set_property' XDC Constraints
---------------------------------------------------------------------------------
---------------------------------------------------------------------------------
Finished applying 'set_property' XDC Constraints : Time (s): cpu = 00:00:51 ; elapsed = 00:00:54 . Memory (MB): peak = 2944.086 ; gain = 978.656 ; free physical = 17619 ; free virtual = 38673
---------------------------------------------------------------------------------
INFO: [Synth 8-802] inferred FSM for state register 'current_state_reg' in module 'xsdbs_v1_0_5_reg_p2s'
INFO: [Synth 8-802] inferred FSM for state register 'current_state_reg' in module 'xsdbs_v1_0_5_reg_p2s__parameterized0'
INFO: [Synth 8-802] inferred FSM for state register 'current_state_reg' in module 'xsdbs_v1_0_5_reg_p2s__parameterized1'
INFO: [Synth 8-802] inferred FSM for state register 'current_state_reg' in module 'xsdbs_v1_0_5_reg_p2s__parameterized2'
INFO: [Synth 8-802] inferred FSM for state register 'current_state_reg' in module 'ltlib_v1_0_3_generic_memrd'
---------------------------------------------------------------------------------------------------
                   State |                     New Encoding |                Previous Encoding 
---------------------------------------------------------------------------------------------------
                    IDLE |                             0001 |                             0001
                     REG |                             0010 |                             0010
                     P2S |                             0100 |                             0100
                     S2P |                             1000 |                             1000
---------------------------------------------------------------------------------------------------
INFO: [Synth 8-3354] encoded FSM with state register 'current_state_reg' using encoding 'one-hot' in module 'xsdbs_v1_0_5_reg_p2s'
---------------------------------------------------------------------------------------------------
                   State |                     New Encoding |                Previous Encoding 
---------------------------------------------------------------------------------------------------
                    IDLE |                             0001 |                             0001
                     REG |                             0010 |                             0010
                     P2S |                             0100 |                             0100
                     S2P |                             1000 |                             1000
---------------------------------------------------------------------------------------------------
INFO: [Synth 8-3354] encoded FSM with state register 'current_state_reg' using encoding 'one-hot' in module 'xsdbs_v1_0_5_reg_p2s__parameterized0'
---------------------------------------------------------------------------------------------------
                   State |                     New Encoding |                Previous Encoding 
---------------------------------------------------------------------------------------------------
                    IDLE |                             0001 |                             0001
                     REG |                             0010 |                             0010
                     P2S |                             0100 |                             0100
                     S2P |                             1000 |                             1000
---------------------------------------------------------------------------------------------------
INFO: [Synth 8-3354] encoded FSM with state register 'current_state_reg' using encoding 'one-hot' in module 'xsdbs_v1_0_5_reg_p2s__parameterized1'
---------------------------------------------------------------------------------------------------
                   State |                     New Encoding |                Previous Encoding 
---------------------------------------------------------------------------------------------------
                    IDLE |                             0001 |                             0001
                     REG |                             0010 |                             0010
                     P2S |                             0100 |                             0100
                     S2P |                             1000 |                             1000
---------------------------------------------------------------------------------------------------
INFO: [Synth 8-3354] encoded FSM with state register 'current_state_reg' using encoding 'one-hot' in module 'xsdbs_v1_0_5_reg_p2s__parameterized2'
---------------------------------------------------------------------------------------------------
                   State |                     New Encoding |                Previous Encoding 
---------------------------------------------------------------------------------------------------
              RESET_ADDR |                          0000001 |                          0000001
            REQUEST_READ |                          0000010 |                          0000010
           WAIT_READ_ACK |                          0000100 |                          0000100
             OUTPUT_DATA |                          0001000 |                          0001000
                    IDLE |                          0010000 |                          0010000
       INCREMENT_ADDRESS |                          1000000 |                          1000000
---------------------------------------------------------------------------------------------------
INFO: [Synth 8-3354] encoded FSM with state register 'current_state_reg' using encoding 'one-hot' in module 'ltlib_v1_0_3_generic_memrd'
---------------------------------------------------------------------------------
Finished RTL Optimization Phase 2 : Time (s): cpu = 00:00:53 ; elapsed = 00:00:56 . Memory (MB): peak = 2944.086 ; gain = 978.656 ; free physical = 17626 ; free virtual = 38682
---------------------------------------------------------------------------------
---------------------------------------------------------------------------------
Start RTL Component Statistics 
---------------------------------------------------------------------------------
---------------------------------------------------------------------------------
Finished RTL Component Statistics 
---------------------------------------------------------------------------------
---------------------------------------------------------------------------------
Start Part Resource Summary
---------------------------------------------------------------------------------
Part Resources:
DSPs: 45 (col length:60)
BRAMs: 50 (col length: RAMB18 60 RAMB36 30)
---------------------------------------------------------------------------------
Finished Part Resource Summary
---------------------------------------------------------------------------------
---------------------------------------------------------------------------------
Start Cross Boundary and Area Optimization
---------------------------------------------------------------------------------
WARNING: [Synth 8-3332] Sequential element (FSM_onehot_current_state_reg[5]) is unused and will be removed from module ltlib_v1_0_3_generic_memrd.
---------------------------------------------------------------------------------
Finished Cross Boundary and Area Optimization : Time (s): cpu = 00:01:05 ; elapsed = 00:01:08 . Memory (MB): peak = 2952.094 ; gain = 986.664 ; free physical = 17660 ; free virtual = 38713
---------------------------------------------------------------------------------
---------------------------------------------------------------------------------
Start Applying XDC Timing Constraints
---------------------------------------------------------------------------------
---------------------------------------------------------------------------------
Finished Applying XDC Timing Constraints : Time (s): cpu = 00:01:13 ; elapsed = 00:01:16 . Memory (MB): peak = 2952.094 ; gain = 986.664 ; free physical = 17671 ; free virtual = 38726
---------------------------------------------------------------------------------
---------------------------------------------------------------------------------
Start Timing Optimization
---------------------------------------------------------------------------------
---------------------------------------------------------------------------------
Finished Timing Optimization : Time (s): cpu = 00:01:13 ; elapsed = 00:01:17 . Memory (MB): peak = 2952.094 ; gain = 986.664 ; free physical = 17672 ; free virtual = 38727
---------------------------------------------------------------------------------
---------------------------------------------------------------------------------
Start Technology Mapping
---------------------------------------------------------------------------------
---------------------------------------------------------------------------------
Finished Technology Mapping : Time (s): cpu = 00:01:14 ; elapsed = 00:01:18 . Memory (MB): peak = 2952.094 ; gain = 986.664 ; free physical = 17674 ; free virtual = 38729
---------------------------------------------------------------------------------
---------------------------------------------------------------------------------
Start IO Insertion
---------------------------------------------------------------------------------
---------------------------------------------------------------------------------
Start Flattening Before IO Insertion
---------------------------------------------------------------------------------
---------------------------------------------------------------------------------
Finished Flattening Before IO Insertion
---------------------------------------------------------------------------------
---------------------------------------------------------------------------------
Start Final Netlist Cleanup
---------------------------------------------------------------------------------
---------------------------------------------------------------------------------
Finished Final Netlist Cleanup
---------------------------------------------------------------------------------
---------------------------------------------------------------------------------
Finished IO Insertion : Time (s): cpu = 00:01:19 ; elapsed = 00:01:23 . Memory (MB): peak = 2960.031 ; gain = 994.602 ; free physical = 17687 ; free virtual = 38750
---------------------------------------------------------------------------------
---------------------------------------------------------------------------------
Start Renaming Generated Instances
---------------------------------------------------------------------------------
---------------------------------------------------------------------------------
Finished Renaming Generated Instances : Time (s): cpu = 00:01:19 ; elapsed = 00:01:23 . Memory (MB): peak = 2960.031 ; gain = 994.602 ; free physical = 17687 ; free virtual = 38750
---------------------------------------------------------------------------------
---------------------------------------------------------------------------------
Start Rebuilding User Hierarchy
---------------------------------------------------------------------------------
---------------------------------------------------------------------------------
Finished Rebuilding User Hierarchy : Time (s): cpu = 00:01:19 ; elapsed = 00:01:23 . Memory (MB): peak = 2960.031 ; gain = 994.602 ; free physical = 17687 ; free virtual = 38750
---------------------------------------------------------------------------------
---------------------------------------------------------------------------------
Start Renaming Generated Ports
---------------------------------------------------------------------------------
---------------------------------------------------------------------------------
Finished Renaming Generated Ports : Time (s): cpu = 00:01:19 ; elapsed = 00:01:23 . Memory (MB): peak = 2960.031 ; gain = 994.602 ; free physical = 17687 ; free virtual = 38750
---------------------------------------------------------------------------------
---------------------------------------------------------------------------------
Start Handling Custom Attributes
---------------------------------------------------------------------------------
---------------------------------------------------------------------------------
Finished Handling Custom Attributes : Time (s): cpu = 00:01:19 ; elapsed = 00:01:23 . Memory (MB): peak = 2960.031 ; gain = 994.602 ; free physical = 17687 ; free virtual = 38750
---------------------------------------------------------------------------------
---------------------------------------------------------------------------------
Start Renaming Generated Nets
---------------------------------------------------------------------------------
---------------------------------------------------------------------------------
Finished Renaming Generated Nets : Time (s): cpu = 00:01:19 ; elapsed = 00:01:23 . Memory (MB): peak = 2960.031 ; gain = 994.602 ; free physical = 17687 ; free virtual = 38750
---------------------------------------------------------------------------------
---------------------------------------------------------------------------------
Start Writing Synthesis Report
---------------------------------------------------------------------------------

Report BlackBoxes: 
+-+--------------+----------+
| |BlackBox name |Instances |
+-+--------------+----------+
+-+--------------+----------+

Report Cell Usage: 
+------+---------+------+
|      |Cell     |Count |
+------+---------+------+
|1     |CARRY4   |    15|
|2     |CFGLUT5  |    42|
|3     |LUT1     |    28|
|4     |LUT2     |    52|
|5     |LUT3     |    97|
|6     |LUT4     |   115|
|7     |LUT5     |    73|
|8     |LUT6     |   291|
|9     |MUXF7    |     4|
|10    |RAMB18E1 |     1|
|11    |SRL16E   |     6|
|12    |SRLC16E  |     2|
|13    |SRLC32E  |    17|
|14    |FDRE     |  1102|
|15    |FDSE     |    10|
+------+---------+------+
---------------------------------------------------------------------------------
Finished Writing Synthesis Report : Time (s): cpu = 00:01:19 ; elapsed = 00:01:24 . Memory (MB): peak = 2960.031 ; gain = 994.602 ; free physical = 17687 ; free virtual = 38750
---------------------------------------------------------------------------------
Synthesis finished with 0 errors, 0 critical warnings and 1 warnings.
Synthesis Optimization Runtime : Time (s): cpu = 00:01:15 ; elapsed = 00:01:20 . Memory (MB): peak = 2960.031 ; gain = 954.547 ; free physical = 17687 ; free virtual = 38750
Synthesis Optimization Complete : Time (s): cpu = 00:01:19 ; elapsed = 00:01:24 . Memory (MB): peak = 2960.039 ; gain = 994.602 ; free physical = 17687 ; free virtual = 38750
INFO: [Project 1-571] Translating synthesized netlist
Netlist sorting complete. Time (s): cpu = 00:00:00.03 ; elapsed = 00:00:00.03 . Memory (MB): peak = 2960.039 ; gain = 0.000 ; free physical = 17844 ; free virtual = 38907
INFO: [Netlist 29-17] Analyzing 62 Unisim elements for replacement
INFO: [Netlist 29-28] Unisim Transformation completed in 0 CPU seconds
INFO: [Project 1-570] Preparing netlist for logic optimization
INFO: [Opt 31-138] Pushed 0 inverter(s) to 0 load pin(s).
Netlist sorting complete. Time (s): cpu = 00:00:00 ; elapsed = 00:00:00 . Memory (MB): peak = 3019.027 ; gain = 0.000 ; free physical = 17836 ; free virtual = 38906
INFO: [Project 1-111] Unisim Transformation Summary:
  A total of 42 instances were transformed.
  CFGLUT5 => CFGLUT5 (SRL16E, SRLC32E): 36 instances
  CFGLUT5 => SRLC32E: 6 instances

Synth Design complete | Checksum: 2bb0a971
INFO: [Common 17-83] Releasing license: Synthesis
252 Infos, 1 Warnings, 0 Critical Warnings and 0 Errors encountered.
synth_design completed successfully
synth_design: Time (s): cpu = 00:01:30 ; elapsed = 00:01:29 . Memory (MB): peak = 3019.062 ; gain = 1214.953 ; free physical = 17844 ; free virtual = 38914
INFO: [Common 17-2834] synth_design peak Physical Memory [PSS] (MB): overall = 1904.302; main = 1707.226; forked = 211.555
INFO: [Common 17-2834] synth_design peak Virtual Memory [VSS] (MB): overall = 4585.945; main = 3019.031; forked = 1633.848
Write ShapeDB Complete: Time (s): cpu = 00:00:00.01 ; elapsed = 00:00:00.01 . Memory (MB): peak = 3043.039 ; gain = 0.000 ; free physical = 17843 ; free virtual = 38913
INFO: [Common 17-1381] The checkpoint '/home/shpark/project_class4/project_class4.runs/ila_0_synth_1/ila_0.dcp' has been generated.
INFO: [Coretcl 2-1648] Added synthesis output to IP cache for IP ila_0, cache-ID = 47b20b0332bd01db
INFO: [Coretcl 2-1174] Renamed 108 cell refs.
Write ShapeDB Complete: Time (s): cpu = 00:00:00.01 ; elapsed = 00:00:00 . Memory (MB): peak = 3043.039 ; gain = 0.000 ; free physical = 17812 ; free virtual = 38889
INFO: [Common 17-1381] The checkpoint '/home/shpark/project_class4/project_class4.runs/ila_0_synth_1/ila_0.dcp' has been generated.
INFO: [Vivado 12-24828] Executing command : report_utilization -file ila_0_utilization_synth.rpt -pb ila_0_utilization_synth.pb
INFO: [Common 17-206] Exiting Vivado at Wed Sep 30 17:37:59 2026...
[Wed Sep 30 17:38:00 2026] ila_0_synth_1 finished
wait_on_runs: Time (s): cpu = 00:02:07 ; elapsed = 00:00:18 . Memory (MB): peak = 12442.078 ; gain = 12.016 ; free physical = 19446 ; free virtual = 40534
refresh_design
INFO: [Project 1-5699] Read binary netlist with skipMacroContent - 1
Netlist sorting complete. Time (s): cpu = 00:00:00 ; elapsed = 00:00:00 . Memory (MB): peak = 12445.047 ; gain = 0.000 ; free physical = 19444 ; free virtual = 40544
INFO: [Project 1-479] Netlist was created with Vivado 2025.2
INFO: [Project 1-570] Preparing netlist for logic optimization
CRITICAL WARNING: [Designutils 20-1280] Could not find module 'ila_0'. The XDC file /home/shpark/project_class4/project_class4.gen/sources_1/ip/ila_0/ila_v6_2/constraints/ila_impl.xdc will not be read for any cell of this module.
CRITICAL WARNING: [Designutils 20-1280] Could not find module 'ila_0'. The XDC file /home/shpark/project_class4/project_class4.gen/sources_1/ip/ila_0/ila_v6_2/constraints/ila.xdc will not be read for any cell of this module.
Parsing XDC File [/home/shpark/project_class3/project_class3.srcs/constrs_1/new/halfadder_pins.xdc]
Finished Parsing XDC File [/home/shpark/project_class3/project_class3.srcs/constrs_1/new/halfadder_pins.xdc]
INFO: [Opt 31-138] Pushed 0 inverter(s) to 0 load pin(s).
WARNING: [filemgmt 56-199] Attempt to get parsing info during refresh. "On-the-fly" syntax checking information may be incorrect. [/home/shpark/project_class2/project_class2.srcs/sources_1/new/Ver_halfadder.v:]
WARNING: [filemgmt 56-199] Attempt to get parsing info during refresh. "On-the-fly" syntax checking information may be incorrect. [/home/shpark/project_class4/project_class4.srcs/sources_1/new/Ver_counter.v:]
WARNING: [filemgmt 56-199] Attempt to get parsing info during refresh. "On-the-fly" syntax checking information may be incorrect. [/home/shpark/project_class4/project_class4.srcs/sources_1/new/Ver_counter.v:]
WARNING: [filemgmt 56-199] Attempt to get parsing info during refresh. "On-the-fly" syntax checking information may be incorrect. [/home/shpark/project_class4/project_class4.srcs/sources_1/new/Ver_counter.v:]
WARNING: [IP_Flow 19-4067] Ignoring invalid widget type specified checkbox.Providing a default widget
WARNING: [IP_Flow 19-4067] Ignoring invalid widget type specified checkbox.Providing a default widget
reset_run synth_1
INFO: [Project 1-1161] Replacing file /home/shpark/project_class4/project_class4.srcs/utils_1/imports/synth_1/Ver_halfadder.dcp with file /home/shpark/project_class4/project_class4.runs/synth_1/Ver_halfadder.dcp
WARNING: [filemgmt 56-199] Attempt to get parsing info during refresh. "On-the-fly" syntax checking information may be incorrect. [/home/shpark/project_class2/project_class2.srcs/sources_1/new/Ver_halfadder.v:]
WARNING: [filemgmt 56-199] Attempt to get parsing info during refresh. "On-the-fly" syntax checking information may be incorrect. [/home/shpark/project_class4/project_class4.srcs/sources_1/new/Ver_counter.v:]
WARNING: [filemgmt 56-199] Attempt to get parsing info during refresh. "On-the-fly" syntax checking information may be incorrect. [/home/shpark/project_class4/project_class4.srcs/sources_1/new/Ver_counter.v:]
WARNING: [filemgmt 56-199] Attempt to get parsing info during refresh. "On-the-fly" syntax checking information may be incorrect. [/home/shpark/project_class4/project_class4.srcs/sources_1/new/Ver_counter.v:]
launch_runs impl_1 -to_step write_bitstream -jobs 12
WARNING: [Project 1-478] Design 'synth_1' is stale and will not be used when launching 'impl_1'
[Wed Sep 30 17:41:24 2026] Launched synth_1...
Run output will be captured here: /home/shpark/project_class4/project_class4.runs/synth_1/runme.log
[Wed Sep 30 17:41:24 2026] Launched impl_1...
Run output will be captured here: /home/shpark/project_class4/project_class4.runs/impl_1/runme.log
create_ip -name vio -vendor xilinx.com -library ip -version 3.0 -module_name vio_0
set_property -dict [list \
  CONFIG.C_NUM_PROBE_IN {2} \
  CONFIG.C_NUM_PROBE_OUT {2} \
] [get_ips vio_0]
generate_target {instantiation_template} [get_files /home/shpark/project_class4/project_class4.srcs/sources_1/ip/vio_0/vio_0.xci]
INFO: [IP_Flow 19-1686] Generating 'Instantiation Template' target for IP 'vio_0'...
WARNING: [filemgmt 56-199] Attempt to get parsing info during refresh. "On-the-fly" syntax checking information may be incorrect. [/home/shpark/project_class2/project_class2.srcs/sources_1/new/Ver_halfadder.v:]
WARNING: [filemgmt 56-199] Attempt to get parsing info during refresh. "On-the-fly" syntax checking information may be incorrect. [/home/shpark/project_class4/project_class4.srcs/sources_1/new/Ver_counter.v:]
WARNING: [filemgmt 56-199] Attempt to get parsing info during refresh. "On-the-fly" syntax checking information may be incorrect. [/home/shpark/project_class2/project_class2.srcs/sources_1/new/Ver_halfadder.v:]
WARNING: [filemgmt 56-199] Attempt to get parsing info during refresh. "On-the-fly" syntax checking information may be incorrect. [/home/shpark/project_class2/project_class2.srcs/sources_1/new/Ver_halfadder.v:]
generate_target all [get_files  /home/shpark/project_class4/project_class4.srcs/sources_1/ip/vio_0/vio_0.xci]
INFO: [IP_Flow 19-1686] Generating 'Synthesis' target for IP 'vio_0'...
INFO: [IP_Flow 19-1686] Generating 'Simulation' target for IP 'vio_0'...
INFO: [IP_Flow 19-1686] Generating 'Change Log' target for IP 'vio_0'...
catch { config_ip_cache -export [get_ips -all vio_0] }
export_ip_user_files -of_objects [get_files /home/shpark/project_class4/project_class4.srcs/sources_1/ip/vio_0/vio_0.xci] -no_script -sync -force -quiet
create_ip_run [get_files -of_objects [get_fileset sources_1] /home/shpark/project_class4/project_class4.srcs/sources_1/ip/vio_0/vio_0.xci]
launch_runs vio_0_synth_1 -jobs 12
WARNING: [filemgmt 56-199] Attempt to get parsing info during refresh. "On-the-fly" syntax checking information may be incorrect. [/home/shpark/project_class2/project_class2.srcs/sources_1/new/Ver_halfadder.v:]
WARNING: [filemgmt 56-199] Attempt to get parsing info during refresh. "On-the-fly" syntax checking information may be incorrect. [/home/shpark/project_class4/project_class4.srcs/sources_1/new/Ver_counter.v:]
WARNING: [filemgmt 56-199] Attempt to get parsing info during refresh. "On-the-fly" syntax checking information may be incorrect. [/home/shpark/project_class2/project_class2.srcs/sources_1/new/Ver_halfadder.v:]
WARNING: [filemgmt 56-199] Attempt to get parsing info during refresh. "On-the-fly" syntax checking information may be incorrect. [/home/shpark/project_class2/project_class2.srcs/sources_1/new/Ver_halfadder.v:]
[Wed Sep 30 17:46:41 2026] Launched vio_0_synth_1...
Run output will be captured here: /home/shpark/project_class4/project_class4.runs/vio_0_synth_1/runme.log
export_simulation -lib_map_path [list {modelsim=/home/shpark/project_class4/project_class4.cache/compile_simlib/modelsim} {questa=/home/shpark/project_class4/project_class4.cache/compile_simlib/questa} {xcelium=/home/shpark/project_class4/project_class4.cache/compile_simlib/xcelium} {vcs=/home/shpark/project_class4/project_class4.cache/compile_simlib/vcs} {riviera=/home/shpark/project_class4/project_class4.cache/compile_simlib/riviera}] -of_objects [get_files /home/shpark/project_class4/project_class4.srcs/sources_1/ip/vio_0/vio_0.xci] -directory /home/shpark/project_class4/project_class4.ip_user_files/sim_scripts -ip_user_files_dir /home/shpark/project_class4/project_class4.ip_user_files -ipstatic_source_dir /home/shpark/project_class4/project_class4.ip_user_files/ipstatic -use_ip_compiled_libs -force -quiet
WARNING: [filemgmt 56-199] Attempt to get parsing info during refresh. "On-the-fly" syntax checking information may be incorrect. [/home/shpark/project_class2/project_class2.srcs/sources_1/new/Ver_halfadder.v:]
WARNING: [filemgmt 56-199] Attempt to get parsing info during refresh. "On-the-fly" syntax checking information may be incorrect. [/home/shpark/project_class4/project_class4.srcs/sources_1/new/Ver_counter.v:]
WARNING: [filemgmt 56-199] Attempt to get parsing info during refresh. "On-the-fly" syntax checking information may be incorrect. [/home/shpark/project_class4/project_class4.srcs/sources_1/new/Ver_counter.v:]
WARNING: [filemgmt 56-199] Attempt to get parsing info during refresh. "On-the-fly" syntax checking information may be incorrect. [/home/shpark/project_class4/project_class4.srcs/sources_1/new/Ver_counter.v:]
WARNING: [filemgmt 56-199] Attempt to get parsing info during refresh. "On-the-fly" syntax checking information may be incorrect. [/home/shpark/project_class2/project_class2.srcs/sources_1/new/Ver_halfadder.v:]
WARNING: [filemgmt 56-199] Attempt to get parsing info during refresh. "On-the-fly" syntax checking information may be incorrect. [/home/shpark/project_class4/project_class4.srcs/sources_1/new/Ver_counter.v:]
WARNING: [filemgmt 56-199] Attempt to get parsing info during refresh. "On-the-fly" syntax checking information may be incorrect. [/home/shpark/project_class4/project_class4.srcs/sources_1/new/Ver_counter.v:]
WARNING: [filemgmt 56-199] Attempt to get parsing info during refresh. "On-the-fly" syntax checking information may be incorrect. [/home/shpark/project_class4/project_class4.srcs/sources_1/new/Ver_counter.v:]
WARNING: [filemgmt 56-199] Attempt to get parsing info during refresh. "On-the-fly" syntax checking information may be incorrect. [/home/shpark/project_class2/project_class2.srcs/sources_1/new/Ver_halfadder.v:]
WARNING: [filemgmt 56-199] Attempt to get parsing info during refresh. "On-the-fly" syntax checking information may be incorrect. [/home/shpark/project_class4/project_class4.srcs/sources_1/new/Ver_counter.v:]
WARNING: [filemgmt 56-199] Attempt to get parsing info during refresh. "On-the-fly" syntax checking information may be incorrect. [/home/shpark/project_class2/project_class2.srcs/sources_1/new/Ver_halfadder.v:]
WARNING: [filemgmt 56-199] Attempt to get parsing info during refresh. "On-the-fly" syntax checking information may be incorrect. [/home/shpark/project_class2/project_class2.srcs/sources_1/new/Ver_halfadder.v:]
WARNING: [filemgmt 56-199] Attempt to get parsing info during refresh. "On-the-fly" syntax checking information may be incorrect. [/home/shpark/project_class2/project_class2.srcs/sources_1/new/Ver_halfadder.v:]
WARNING: [filemgmt 56-199] Attempt to get parsing info during refresh. "On-the-fly" syntax checking information may be incorrect. [/home/shpark/project_class4/project_class4.srcs/sources_1/new/Ver_counter.v:]
WARNING: [filemgmt 56-199] Attempt to get parsing info during refresh. "On-the-fly" syntax checking information may be incorrect. [/home/shpark/project_class2/project_class2.srcs/sources_1/new/Ver_halfadder.v:]
WARNING: [filemgmt 56-199] Attempt to get parsing info during refresh. "On-the-fly" syntax checking information may be incorrect. [/home/shpark/project_class2/project_class2.srcs/sources_1/new/Ver_halfadder.v:]
WARNING: [filemgmt 56-199] Attempt to get parsing info during refresh. "On-the-fly" syntax checking information may be incorrect. [/home/shpark/project_class2/project_class2.srcs/sources_1/new/Ver_halfadder.v:]
WARNING: [filemgmt 56-199] Attempt to get parsing info during refresh. "On-the-fly" syntax checking information may be incorrect. [/home/shpark/project_class4/project_class4.srcs/sources_1/new/Ver_counter.v:]
WARNING: [filemgmt 56-199] Attempt to get parsing info during refresh. "On-the-fly" syntax checking information may be incorrect. [/home/shpark/project_class2/project_class2.srcs/sources_1/new/Ver_halfadder.v:]
WARNING: [filemgmt 56-199] Attempt to get parsing info during refresh. "On-the-fly" syntax checking information may be incorrect. [/home/shpark/project_class2/project_class2.srcs/sources_1/new/Ver_halfadder.v:]
WARNING: [filemgmt 56-199] Attempt to get parsing info during refresh. "On-the-fly" syntax checking information may be incorrect. [/home/shpark/project_class2/project_class2.srcs/sources_1/new/Ver_halfadder.v:]
WARNING: [filemgmt 56-199] Attempt to get parsing info during refresh. "On-the-fly" syntax checking information may be incorrect. [/home/shpark/project_class4/project_class4.srcs/sources_1/new/Ver_counter.v:]
WARNING: [filemgmt 56-199] Attempt to get parsing info during refresh. "On-the-fly" syntax checking information may be incorrect. [/home/shpark/project_class4/project_class4.srcs/sources_1/new/Ver_counter.v:]
WARNING: [filemgmt 56-199] Attempt to get parsing info during refresh. "On-the-fly" syntax checking information may be incorrect. [/home/shpark/project_class4/project_class4.srcs/sources_1/new/Ver_counter.v:]
reset_run synth_1
INFO: [Project 1-1161] Replacing file /home/shpark/project_class4/project_class4.srcs/utils_1/imports/synth_1/Ver_halfadder.dcp with file /home/shpark/project_class4/project_class4.runs/synth_1/Ver_halfadder.dcp
launch_runs synth_1 -jobs 12
[Wed Sep 30 17:48:32 2026] Launched synth_1...
Run output will be captured here: /home/shpark/project_class4/project_class4.runs/synth_1/runme.log
WARNING: [filemgmt 56-199] Attempt to get parsing info during refresh. "On-the-fly" syntax checking information may be incorrect. [/home/shpark/project_class2/project_class2.srcs/sources_1/new/Ver_halfadder.v:]
WARNING: [filemgmt 56-199] Attempt to get parsing info during refresh. "On-the-fly" syntax checking information may be incorrect. [/home/shpark/project_class4/project_class4.srcs/sources_1/new/Ver_counter.v:]
WARNING: [filemgmt 56-199] Attempt to get parsing info during refresh. "On-the-fly" syntax checking information may be incorrect. [/home/shpark/project_class4/project_class4.srcs/sources_1/new/Ver_counter.v:]
WARNING: [filemgmt 56-199] Attempt to get parsing info during refresh. "On-the-fly" syntax checking information may be incorrect. [/home/shpark/project_class4/project_class4.srcs/sources_1/new/Ver_counter.v:]
export_ip_user_files -of_objects  [get_files /home/shpark/project_class4/project_class4.srcs/sources_1/ip/vio_0/vio_0.xci] -no_script -reset -force -quiet
remove_files  -fileset vio_0 /home/shpark/project_class4/project_class4.srcs/sources_1/ip/vio_0/vio_0.xci
INFO: [Project 1-386] Moving file '/home/shpark/project_class4/project_class4.srcs/sources_1/ip/vio_0/vio_0.xci' from fileset 'vio_0' to fileset 'sources_1'.
WARNING: [filemgmt 56-199] Attempt to get parsing info during refresh. "On-the-fly" syntax checking information may be incorrect. [/home/shpark/project_class2/project_class2.srcs/sources_1/new/Ver_halfadder.v:]
WARNING: [filemgmt 56-199] Attempt to get parsing info during refresh. "On-the-fly" syntax checking information may be incorrect. [/home/shpark/project_class4/project_class4.srcs/sources_1/new/Ver_counter.v:]
WARNING: [filemgmt 56-199] Attempt to get parsing info during refresh. "On-the-fly" syntax checking information may be incorrect. [/home/shpark/project_class4/project_class4.srcs/sources_1/new/Ver_counter.v:]
WARNING: [filemgmt 56-199] Attempt to get parsing info during refresh. "On-the-fly" syntax checking information may be incorrect. [/home/shpark/project_class4/project_class4.srcs/sources_1/new/Ver_counter.v:]
create_ip -name vio -vendor xilinx.com -library ip -version 3.0 -module_name vio_0
set_property -dict [list \
  CONFIG.C_NUM_PROBE_IN {2} \
  CONFIG.C_NUM_PROBE_OUT {0} \
] [get_ips vio_0]
generate_target {instantiation_template} [get_files /home/shpark/project_class4/project_class4.srcs/sources_1/ip/vio_0_1/vio_0.xci]
INFO: [IP_Flow 19-1686] Generating 'Instantiation Template' target for IP 'vio_0'...
WARNING: [filemgmt 56-199] Attempt to get parsing info during refresh. "On-the-fly" syntax checking information may be incorrect. [/home/shpark/project_class2/project_class2.srcs/sources_1/new/Ver_halfadder.v:]
WARNING: [filemgmt 56-199] Attempt to get parsing info during refresh. "On-the-fly" syntax checking information may be incorrect. [/home/shpark/project_class4/project_class4.srcs/sources_1/new/Ver_counter.v:]
WARNING: [filemgmt 56-199] Attempt to get parsing info during refresh. "On-the-fly" syntax checking information may be incorrect. [/home/shpark/project_class2/project_class2.srcs/sources_1/new/Ver_halfadder.v:]
WARNING: [filemgmt 56-199] Attempt to get parsing info during refresh. "On-the-fly" syntax checking information may be incorrect. [/home/shpark/project_class2/project_class2.srcs/sources_1/new/Ver_halfadder.v:]
WARNING: [filemgmt 56-199] Attempt to get parsing info during refresh. "On-the-fly" syntax checking information may be incorrect. [/home/shpark/project_class2/project_class2.srcs/sources_1/new/Ver_halfadder.v:]
WARNING: [filemgmt 56-199] Attempt to get parsing info during refresh. "On-the-fly" syntax checking information may be incorrect. [/home/shpark/project_class4/project_class4.srcs/sources_1/new/Ver_counter.v:]
WARNING: [filemgmt 56-199] Attempt to get parsing info during refresh. "On-the-fly" syntax checking information may be incorrect. [/home/shpark/project_class2/project_class2.srcs/sources_1/new/Ver_halfadder.v:]
WARNING: [filemgmt 56-199] Attempt to get parsing info during refresh. "On-the-fly" syntax checking information may be incorrect. [/home/shpark/project_class2/project_class2.srcs/sources_1/new/Ver_halfadder.v:]
WARNING: [filemgmt 56-199] Attempt to get parsing info during refresh. "On-the-fly" syntax checking information may be incorrect. [/home/shpark/project_class2/project_class2.srcs/sources_1/new/Ver_halfadder.v:]
WARNING: [filemgmt 56-199] Attempt to get parsing info during refresh. "On-the-fly" syntax checking information may be incorrect. [/home/shpark/project_class4/project_class4.srcs/sources_1/new/Ver_counter.v:]
WARNING: [filemgmt 56-199] Attempt to get parsing info during refresh. "On-the-fly" syntax checking information may be incorrect. [/home/shpark/project_class4/project_class4.srcs/sources_1/new/Ver_counter.v:]
WARNING: [filemgmt 56-199] Attempt to get parsing info during refresh. "On-the-fly" syntax checking information may be incorrect. [/home/shpark/project_class4/project_class4.srcs/sources_1/new/Ver_counter.v:]
update_compile_order -fileset sources_1
generate_target all [get_files  /home/shpark/project_class4/project_class4.srcs/sources_1/ip/vio_0_1/vio_0.xci]
INFO: [IP_Flow 19-1686] Generating 'Synthesis' target for IP 'vio_0'...
WARNING: [filemgmt 56-199] Attempt to get parsing info during refresh. "On-the-fly" syntax checking information may be incorrect. [/home/shpark/project_class2/project_class2.srcs/sources_1/new/Ver_halfadder.v:]
WARNING: [filemgmt 56-199] Attempt to get parsing info during refresh. "On-the-fly" syntax checking information may be incorrect. [/home/shpark/project_class4/project_class4.srcs/sources_1/new/Ver_counter.v:]
WARNING: [filemgmt 56-199] Attempt to get parsing info during refresh. "On-the-fly" syntax checking information may be incorrect. [/home/shpark/project_class2/project_class2.srcs/sources_1/new/Ver_halfadder.v:]
WARNING: [filemgmt 56-199] Attempt to get parsing info during refresh. "On-the-fly" syntax checking information may be incorrect. [/home/shpark/project_class2/project_class2.srcs/sources_1/new/Ver_halfadder.v:]
INFO: [IP_Flow 19-1686] Generating 'Simulation' target for IP 'vio_0'...
INFO: [IP_Flow 19-1686] Generating 'Change Log' target for IP 'vio_0'...
WARNING: [filemgmt 56-199] Attempt to get parsing info during refresh. "On-the-fly" syntax checking information may be incorrect. [/home/shpark/project_class2/project_class2.srcs/sources_1/new/Ver_halfadder.v:]
WARNING: [filemgmt 56-199] Attempt to get parsing info during refresh. "On-the-fly" syntax checking information may be incorrect. [/home/shpark/project_class4/project_class4.srcs/sources_1/new/Ver_counter.v:]
WARNING: [filemgmt 56-199] Attempt to get parsing info during refresh. "On-the-fly" syntax checking information may be incorrect. [/home/shpark/project_class4/project_class4.srcs/sources_1/new/Ver_counter.v:]
WARNING: [filemgmt 56-199] Attempt to get parsing info during refresh. "On-the-fly" syntax checking information may be incorrect. [/home/shpark/project_class4/project_class4.srcs/sources_1/new/Ver_counter.v:]
catch { config_ip_cache -export [get_ips -all vio_0] }
export_ip_user_files -of_objects [get_files /home/shpark/project_class4/project_class4.srcs/sources_1/ip/vio_0_1/vio_0.xci] -no_script -sync -force -quiet
create_ip_run [get_files -of_objects [get_fileset sources_1] /home/shpark/project_class4/project_class4.srcs/sources_1/ip/vio_0_1/vio_0.xci]
launch_runs vio_0_synth_1 -jobs 12
WARNING: [filemgmt 56-199] Attempt to get parsing info during refresh. "On-the-fly" syntax checking information may be incorrect. [/home/shpark/project_class2/project_class2.srcs/sources_1/new/Ver_halfadder.v:]
WARNING: [filemgmt 56-199] Attempt to get parsing info during refresh. "On-the-fly" syntax checking information may be incorrect. [/home/shpark/project_class4/project_class4.srcs/sources_1/new/Ver_counter.v:]
WARNING: [filemgmt 56-199] Attempt to get parsing info during refresh. "On-the-fly" syntax checking information may be incorrect. [/home/shpark/project_class4/project_class4.srcs/sources_1/new/Ver_counter.v:]
WARNING: [filemgmt 56-199] Attempt to get parsing info during refresh. "On-the-fly" syntax checking information may be incorrect. [/home/shpark/project_class4/project_class4.srcs/sources_1/new/Ver_counter.v:]
[Wed Sep 30 17:50:34 2026] Launched vio_0_synth_1...
Run output will be captured here: /home/shpark/project_class4/project_class4.runs/vio_0_synth_1/runme.log
export_simulation -lib_map_path [list {modelsim=/home/shpark/project_class4/project_class4.cache/compile_simlib/modelsim} {questa=/home/shpark/project_class4/project_class4.cache/compile_simlib/questa} {xcelium=/home/shpark/project_class4/project_class4.cache/compile_simlib/xcelium} {vcs=/home/shpark/project_class4/project_class4.cache/compile_simlib/vcs} {riviera=/home/shpark/project_class4/project_class4.cache/compile_simlib/riviera}] -of_objects [get_files /home/shpark/project_class4/project_class4.srcs/sources_1/ip/vio_0_1/vio_0.xci] -directory /home/shpark/project_class4/project_class4.ip_user_files/sim_scripts -ip_user_files_dir /home/shpark/project_class4/project_class4.ip_user_files -ipstatic_source_dir /home/shpark/project_class4/project_class4.ip_user_files/ipstatic -use_ip_compiled_libs -force -quiet
WARNING: [filemgmt 56-199] Attempt to get parsing info during refresh. "On-the-fly" syntax checking information may be incorrect. [/home/shpark/project_class2/project_class2.srcs/sources_1/new/Ver_halfadder.v:]
WARNING: [filemgmt 56-199] Attempt to get parsing info during refresh. "On-the-fly" syntax checking information may be incorrect. [/home/shpark/project_class4/project_class4.srcs/sources_1/new/Ver_counter.v:]
WARNING: [filemgmt 56-199] Attempt to get parsing info during refresh. "On-the-fly" syntax checking information may be incorrect. [/home/shpark/project_class4/project_class4.srcs/sources_1/new/Ver_counter.v:]
WARNING: [filemgmt 56-199] Attempt to get parsing info during refresh. "On-the-fly" syntax checking information may be incorrect. [/home/shpark/project_class4/project_class4.srcs/sources_1/new/Ver_counter.v:]
reset_run synth_1
launch_runs impl_1 -to_step write_bitstream -jobs 12
WARNING: [Project 1-478] Design 'synth_1' is stale and will not be used when launching 'impl_1'
[Wed Sep 30 17:50:58 2026] Launched vio_0_synth_1, synth_1...
Run output will be captured here:
vio_0_synth_1: /home/shpark/project_class4/project_class4.runs/vio_0_synth_1/runme.log
synth_1: /home/shpark/project_class4/project_class4.runs/synth_1/runme.log
[Wed Sep 30 17:50:59 2026] Launched impl_1...
Run output will be captured here: /home/shpark/project_class4/project_class4.runs/impl_1/runme.log
open_hw_manager
connect_hw_server -allow_non_jtag
INFO: [Labtools 27-2285] Connecting to hw_server url TCP:localhost:3121
INFO: [Labtools 27-3415] Connecting to cs_server url TCP:localhost:0
INFO: [Labtools 27-3417] Launching cs_server...
INFO: [Labtools 27-2221] Launch Output:


******** Xilinx cs_server v2025.2.0
  ****** Build date   : Nov 14 2025-08:16:52
    **** Build number : 2025.2.1763075812
      ** Copyright 2017-2022 Xilinx, Inc. All Rights Reserved.
      ** Copyright 2022-2026 Advanced Micro Devices, Inc. All Rights Reserved.



open_hw_target
INFO: [Labtoolstcl 44-466] Opening hw_target localhost:3121/xilinx_tcf/Digilent/210328BE3C6DA
current_hw_device [get_hw_devices xc7a35t_0]
refresh_hw_device -update_hw_probes false [lindex [get_hw_devices xc7a35t_0] 0]
INFO: [Labtools 27-1434] Device xc7a35t (JTAG device index = 0) is programmed with a design that has no supported soft debug core(s) in it.
refresh_hw_device [lindex [get_hw_devices xc7a35t_0] 0]
INFO: [Labtools 27-1434] Device xc7a35t (JTAG device index = 0) is programmed with a design that has no supported soft debug core(s) in it.
disconnect_hw_server localhost:3121
INFO: [Labtools 27-2285] Connecting to hw_server url TCP:localhost:3121
INFO: [Labtools 27-3415] Connecting to cs_server url TCP:localhost:0
INFO: [Labtools 27-3417] Launching cs_server...
INFO: [Labtools 27-2221] Launch Output:


******** Xilinx cs_server v2025.2.0
  ****** Build date   : Nov 14 2025-08:16:52
    **** Build number : 2025.2.1763075812
      ** Copyright 2017-2022 Xilinx, Inc. All Rights Reserved.
      ** Copyright 2022-2026 Advanced Micro Devices, Inc. All Rights Reserved.



exit
INFO: [Common 17-206] Exiting Vivado at Wed Sep 30 18:02:25 2026...
